Wrongly predicted events from datasets: [PosixPath('/disk/atlas3/data_MC/2dhistograms/sph/50/PP13-Sphaleron-THR9-FRZ15-NB0-NSUBPALL_test_res50_3000_events.h5'), PosixPath('/disk/atlas3/data_MC/2dhistograms/BH/50/BH_n4_M10_test_res50_3000_events.h5')] by model resnet_1677151699_SPH_9TeV_BH_n4_M10SPH_9TeV, 1009
SPH_9TeV, 1061
SPH_9TeV, 1069
SPH_9TeV, 1072
SPH_9TeV, 1083
SPH_9TeV, 1096
SPH_9TeV, 1103
SPH_9TeV, 1109
SPH_9TeV, 1117
SPH_9TeV, 1119
SPH_9TeV, 113
SPH_9TeV, 1132
SPH_9TeV, 118
SPH_9TeV, 1186
SPH_9TeV, 1207
SPH_9TeV, 1224
SPH_9TeV, 1243
SPH_9TeV, 1245
SPH_9TeV, 1248
SPH_9TeV, 1255
SPH_9TeV, 1259
SPH_9TeV, 1262
SPH_9TeV, 1269
SPH_9TeV, 1270
SPH_9TeV, 1293
SPH_9TeV, 1300
SPH_9TeV, 1305
SPH_9TeV, 1308
SPH_9TeV, 1316
SPH_9TeV, 1334
SPH_9TeV, 1336
SPH_9TeV, 1340
SPH_9TeV, 1350
SPH_9TeV, 1359
SPH_9TeV, 1412
SPH_9TeV, 1427
SPH_9TeV, 1431
SPH_9TeV, 1441
SPH_9TeV, 1442
SPH_9TeV, 1466
SPH_9TeV, 1490
SPH_9TeV, 1497
SPH_9TeV, 1502
SPH_9TeV, 1514
SPH_9TeV, 1523
SPH_9TeV, 1550
SPH_9TeV, 1553
SPH_9TeV, 1554
SPH_9TeV, 1559
SPH_9TeV, 1570
SPH_9TeV, 1577
SPH_9TeV, 1623
SPH_9TeV, 1628
SPH_9TeV, 1679
SPH_9TeV, 1706
SPH_9TeV, 1734
SPH_9TeV, 1746
SPH_9TeV, 1754
SPH_9TeV, 1758
SPH_9TeV, 1782
SPH_9TeV, 1786
SPH_9TeV, 1793
SPH_9TeV, 1796
SPH_9TeV, 1806
SPH_9TeV, 1814
SPH_9TeV, 1836
SPH_9TeV, 1840
SPH_9TeV, 1841
SPH_9TeV, 1845
SPH_9TeV, 1849
SPH_9TeV, 1852
SPH_9TeV, 1859
SPH_9TeV, 1862
SPH_9TeV, 1869
SPH_9TeV, 1872
SPH_9TeV, 1874
SPH_9TeV, 1878
SPH_9TeV, 1879
SPH_9TeV, 1883
SPH_9TeV, 1886
SPH_9TeV, 1918
SPH_9TeV, 195
SPH_9TeV, 1946
SPH_9TeV, 1956
SPH_9TeV, 1960
SPH_9TeV, 1977
SPH_9TeV, 1982
SPH_9TeV, 1984
SPH_9TeV, 2007
SPH_9TeV, 2020
SPH_9TeV, 203
SPH_9TeV, 2025
SPH_9TeV, 2053
SPH_9TeV, 2068
SPH_9TeV, 2072
SPH_9TeV, 2089
SPH_9TeV, 2095
SPH_9TeV, 2100
SPH_9TeV, 2123
SPH_9TeV, 2133
SPH_9TeV, 2142
SPH_9TeV, 2151
SPH_9TeV, 2157
SPH_9TeV, 2168
SPH_9TeV, 2190
SPH_9TeV, 2193
SPH_9TeV, 2194
SPH_9TeV, 2211
SPH_9TeV, 2249
SPH_9TeV, 2253
SPH_9TeV, 2256
SPH_9TeV, 2270
SPH_9TeV, 2273
SPH_9TeV, 2285
SPH_9TeV, 2289
SPH_9TeV, 2293
SPH_9TeV, 2333
SPH_9TeV, 2341
SPH_9TeV, 2347
SPH_9TeV, 2354
SPH_9TeV, 2356
SPH_9TeV, 2378
SPH_9TeV, 2389
SPH_9TeV, 2395
SPH_9TeV, 25
SPH_9TeV, 2403
SPH_9TeV, 2407
SPH_9TeV, 2424
SPH_9TeV, 2425
SPH_9TeV, 2427
SPH_9TeV, 244
SPH_9TeV, 2439
SPH_9TeV, 2502
SPH_9TeV, 2513
SPH_9TeV, 2530
SPH_9TeV, 2539
SPH_9TeV, 2542
SPH_9TeV, 2553
SPH_9TeV, 2572
SPH_9TeV, 2576
SPH_9TeV, 2577
SPH_9TeV, 2606
SPH_9TeV, 2618
SPH_9TeV, 2672
SPH_9TeV, 2676
SPH_9TeV, 2687
SPH_9TeV, 2698
SPH_9TeV, 2711
SPH_9TeV, 274
SPH_9TeV, 2739
SPH_9TeV, 2756
SPH_9TeV, 279
SPH_9TeV, 2785
SPH_9TeV, 2789
SPH_9TeV, 2801
SPH_9TeV, 2809
SPH_9TeV, 2823
SPH_9TeV, 2826
SPH_9TeV, 2830
SPH_9TeV, 2831
SPH_9TeV, 2834
SPH_9TeV, 2846
SPH_9TeV, 2850
SPH_9TeV, 2854
SPH_9TeV, 2861
SPH_9TeV, 2870
SPH_9TeV, 2894
SPH_9TeV, 2898
SPH_9TeV, 2916
SPH_9TeV, 2933
SPH_9TeV, 2937
SPH_9TeV, 2941
SPH_9TeV, 2949
SPH_9TeV, 2973
SPH_9TeV, 2977
SPH_9TeV, 2984
SPH_9TeV, 2990
SPH_9TeV, 301
SPH_9TeV, 303
SPH_9TeV, 306
SPH_9TeV, 312
SPH_9TeV, 319
SPH_9TeV, 328
SPH_9TeV, 35
SPH_9TeV, 341
SPH_9TeV, 346
SPH_9TeV, 358
SPH_9TeV, 361
SPH_9TeV, 375
SPH_9TeV, 378
SPH_9TeV, 383
SPH_9TeV, 397
SPH_9TeV, 41
SPH_9TeV, 412
SPH_9TeV, 424
SPH_9TeV, 44
SPH_9TeV, 434
SPH_9TeV, 440
SPH_9TeV, 442
SPH_9TeV, 470
SPH_9TeV, 471
SPH_9TeV, 475
SPH_9TeV, 53
SPH_9TeV, 523
SPH_9TeV, 539
SPH_9TeV, 550
SPH_9TeV, 568
SPH_9TeV, 575
SPH_9TeV, 578
SPH_9TeV, 592
SPH_9TeV, 602
SPH_9TeV, 617
SPH_9TeV, 635
SPH_9TeV, 639
SPH_9TeV, 65
SPH_9TeV, 644
SPH_9TeV, 670
SPH_9TeV, 679
SPH_9TeV, 686
SPH_9TeV, 694
SPH_9TeV, 699
SPH_9TeV, 708
SPH_9TeV, 719
SPH_9TeV, 748
SPH_9TeV, 760
SPH_9TeV, 761
SPH_9TeV, 764
SPH_9TeV, 768
SPH_9TeV, 770
SPH_9TeV, 78
SPH_9TeV, 801
SPH_9TeV, 809
SPH_9TeV, 812
SPH_9TeV, 826
SPH_9TeV, 844
SPH_9TeV, 845
SPH_9TeV, 848
SPH_9TeV, 854
SPH_9TeV, 866
SPH_9TeV, 868
SPH_9TeV, 873
SPH_9TeV, 889
SPH_9TeV, 898
SPH_9TeV, 910
SPH_9TeV, 926
SPH_9TeV, 933
SPH_9TeV, 957
SPH_9TeV, 991
SPH_9TeV, 997
BH_n4_M10, 1039
BH_n4_M10, 1040
BH_n4_M10, 105
BH_n4_M10, 1067
BH_n4_M10, 1072
BH_n4_M10, 1082
BH_n4_M10, 1084
BH_n4_M10, 1096
BH_n4_M10, 1098
BH_n4_M10, 111
BH_n4_M10, 1101
BH_n4_M10, 1110
BH_n4_M10, 1122
BH_n4_M10, 1143
BH_n4_M10, 1151
BH_n4_M10, 117
BH_n4_M10, 1172
BH_n4_M10, 1175
BH_n4_M10, 1179
BH_n4_M10, 1183
BH_n4_M10, 1200
BH_n4_M10, 1222
BH_n4_M10, 1225
BH_n4_M10, 1229
BH_n4_M10, 1234
BH_n4_M10, 1236
BH_n4_M10, 1249
BH_n4_M10, 1259
BH_n4_M10, 1265
BH_n4_M10, 1285
BH_n4_M10, 1303
BH_n4_M10, 1304
BH_n4_M10, 1311
BH_n4_M10, 1314
BH_n4_M10, 1316
BH_n4_M10, 1321
BH_n4_M10, 1325
BH_n4_M10, 1327
BH_n4_M10, 1329
BH_n4_M10, 1341
BH_n4_M10, 1355
BH_n4_M10, 1365
BH_n4_M10, 1367
BH_n4_M10, 1376
BH_n4_M10, 1378
BH_n4_M10, 1380
BH_n4_M10, 1381
BH_n4_M10, 1389
BH_n4_M10, 1396
BH_n4_M10, 1415
BH_n4_M10, 1432
BH_n4_M10, 1456
BH_n4_M10, 147
BH_n4_M10, 1469
BH_n4_M10, 1475
BH_n4_M10, 1482
BH_n4_M10, 1484
BH_n4_M10, 1487
BH_n4_M10, 1494
BH_n4_M10, 1512
BH_n4_M10, 1551
BH_n4_M10, 1558
BH_n4_M10, 1586
BH_n4_M10, 160
BH_n4_M10, 1595
BH_n4_M10, 1597
BH_n4_M10, 1604
BH_n4_M10, 1606
BH_n4_M10, 1615
BH_n4_M10, 1616
BH_n4_M10, 1622
BH_n4_M10, 1656
BH_n4_M10, 1683
BH_n4_M10, 1695
BH_n4_M10, 1711
BH_n4_M10, 1720
BH_n4_M10, 1730
BH_n4_M10, 1733
BH_n4_M10, 1735
BH_n4_M10, 1750
BH_n4_M10, 176
BH_n4_M10, 1772
BH_n4_M10, 1788
BH_n4_M10, 1804
BH_n4_M10, 1811
BH_n4_M10, 1814
BH_n4_M10, 183
BH_n4_M10, 1838
BH_n4_M10, 185
BH_n4_M10, 1847
BH_n4_M10, 1852
BH_n4_M10, 1857
BH_n4_M10, 1862
BH_n4_M10, 1863
BH_n4_M10, 1887
BH_n4_M10, 1890
BH_n4_M10, 1891
BH_n4_M10, 1892
BH_n4_M10, 1913
BH_n4_M10, 1917
BH_n4_M10, 1935
BH_n4_M10, 1937
BH_n4_M10, 1944
BH_n4_M10, 1951
BH_n4_M10, 1952
BH_n4_M10, 1962
BH_n4_M10, 1965
BH_n4_M10, 1967
BH_n4_M10, 1970
BH_n4_M10, 1979
BH_n4_M10, 21
BH_n4_M10, 2003
BH_n4_M10, 2012
BH_n4_M10, 2019
BH_n4_M10, 2022
BH_n4_M10, 2040
BH_n4_M10, 2061
BH_n4_M10, 2067
BH_n4_M10, 2070
BH_n4_M10, 2084
BH_n4_M10, 2095
BH_n4_M10, 2099
BH_n4_M10, 2118
BH_n4_M10, 2135
BH_n4_M10, 215
BH_n4_M10, 2150
BH_n4_M10, 2151
BH_n4_M10, 217
BH_n4_M10, 2173
BH_n4_M10, 2202
BH_n4_M10, 222
BH_n4_M10, 2221
BH_n4_M10, 2248
BH_n4_M10, 227
BH_n4_M10, 2266
BH_n4_M10, 2274
BH_n4_M10, 2281
BH_n4_M10, 2285
BH_n4_M10, 2287
BH_n4_M10, 2295
BH_n4_M10, 2299
BH_n4_M10, 24
BH_n4_M10, 2306
BH_n4_M10, 2308
BH_n4_M10, 2315
BH_n4_M10, 2321
BH_n4_M10, 2328
BH_n4_M10, 2333
BH_n4_M10, 2334
BH_n4_M10, 2341
BH_n4_M10, 2342
BH_n4_M10, 2374
BH_n4_M10, 2393
BH_n4_M10, 241
BH_n4_M10, 2410
BH_n4_M10, 2417
BH_n4_M10, 2432
BH_n4_M10, 2436
BH_n4_M10, 2439
BH_n4_M10, 2442
BH_n4_M10, 2452
BH_n4_M10, 2455
BH_n4_M10, 2481
BH_n4_M10, 2496
BH_n4_M10, 2507
BH_n4_M10, 2508
BH_n4_M10, 2513
BH_n4_M10, 2547
BH_n4_M10, 2558
BH_n4_M10, 2564
BH_n4_M10, 2578
BH_n4_M10, 2593
BH_n4_M10, 2599
BH_n4_M10, 2607
BH_n4_M10, 2612
BH_n4_M10, 2618
BH_n4_M10, 2622
BH_n4_M10, 2627
BH_n4_M10, 2650
BH_n4_M10, 2651
BH_n4_M10, 2657
BH_n4_M10, 2661
BH_n4_M10, 2664
BH_n4_M10, 2672
BH_n4_M10, 2686
BH_n4_M10, 2708
BH_n4_M10, 2711
BH_n4_M10, 2716
BH_n4_M10, 2730
BH_n4_M10, 2738
BH_n4_M10, 2763
BH_n4_M10, 2776
BH_n4_M10, 2783
BH_n4_M10, 2797
BH_n4_M10, 2805
BH_n4_M10, 2839
BH_n4_M10, 2866
BH_n4_M10, 2882
BH_n4_M10, 2887
BH_n4_M10, 2890
BH_n4_M10, 2894
BH_n4_M10, 2904
BH_n4_M10, 2913
BH_n4_M10, 2923
BH_n4_M10, 2931
BH_n4_M10, 2935
BH_n4_M10, 2937
BH_n4_M10, 2957
BH_n4_M10, 2969
BH_n4_M10, 2990
BH_n4_M10, 2995
BH_n4_M10, 312
BH_n4_M10, 317
BH_n4_M10, 35
BH_n4_M10, 343
BH_n4_M10, 36
BH_n4_M10, 354
BH_n4_M10, 361
BH_n4_M10, 369
BH_n4_M10, 378
BH_n4_M10, 393
BH_n4_M10, 405
BH_n4_M10, 407
BH_n4_M10, 409
BH_n4_M10, 415
BH_n4_M10, 429
BH_n4_M10, 433
BH_n4_M10, 45
BH_n4_M10, 48
BH_n4_M10, 488
BH_n4_M10, 492
BH_n4_M10, 493
BH_n4_M10, 515
BH_n4_M10, 517
BH_n4_M10, 529
BH_n4_M10, 539
BH_n4_M10, 566
BH_n4_M10, 571
BH_n4_M10, 576
BH_n4_M10, 601
BH_n4_M10, 616
BH_n4_M10, 641
BH_n4_M10, 643
BH_n4_M10, 655
BH_n4_M10, 656
BH_n4_M10, 664
BH_n4_M10, 665
BH_n4_M10, 670
BH_n4_M10, 679
BH_n4_M10, 681
BH_n4_M10, 683
BH_n4_M10, 696
BH_n4_M10, 698
BH_n4_M10, 703
BH_n4_M10, 705
BH_n4_M10, 711
BH_n4_M10, 717
BH_n4_M10, 730
BH_n4_M10, 74
BH_n4_M10, 734
BH_n4_M10, 75
BH_n4_M10, 779
BH_n4_M10, 784
BH_n4_M10, 788
BH_n4_M10, 795
BH_n4_M10, 814
BH_n4_M10, 816
BH_n4_M10, 828
BH_n4_M10, 838
BH_n4_M10, 870
BH_n4_M10, 880
BH_n4_M10, 10
BH_n4_M10, 923
BH_n4_M10, 932
BH_n4_M10, 945
BH_n4_M10, 954
BH_n4_M10, 958
BH_n4_M10, 98
BH_n4_M10, 988
