Wrongly predicted events from datasets: [PosixPath('/disk/atlas3/data_MC/2dhistograms/sph/50/PP13-Sphaleron-THR9-FRZ15-NB0-NSUBPALL_test_res50_STmin7_Nmin5_15000_events.h5'), PosixPath('/disk/atlas3/data_MC/2dhistograms/BH/50/BH_n4_M10_test_res50_STmin7_Nmin5_15000_events.h5')] by model resnet_1676902572_SPH_9TeV_BH_n4_M10_CUTSPH_9TeV, 1008
SPH_9TeV, 1023
SPH_9TeV, 1057
SPH_9TeV, 1069
SPH_9TeV, 1198
SPH_9TeV, 1238
SPH_9TeV, 1241
SPH_9TeV, 1242
SPH_9TeV, 1286
SPH_9TeV, 1287
SPH_9TeV, 1314
SPH_9TeV, 1320
SPH_9TeV, 133
SPH_9TeV, 1330
SPH_9TeV, 1363
SPH_9TeV, 1386
SPH_9TeV, 15
SPH_9TeV, 141
SPH_9TeV, 1433
SPH_9TeV, 1441
SPH_9TeV, 1483
SPH_9TeV, 1507
SPH_9TeV, 1520
SPH_9TeV, 1572
SPH_9TeV, 1580
SPH_9TeV, 1783
SPH_9TeV, 1792
SPH_9TeV, 1816
SPH_9TeV, 1838
SPH_9TeV, 1840
SPH_9TeV, 1866
SPH_9TeV, 1893
SPH_9TeV, 1921
SPH_9TeV, 1930
SPH_9TeV, 1969
SPH_9TeV, 1972
SPH_9TeV, 1988
SPH_9TeV, 21
SPH_9TeV, 2002
SPH_9TeV, 2021
SPH_9TeV, 2024
SPH_9TeV, 2066
SPH_9TeV, 2150
SPH_9TeV, 218
SPH_9TeV, 2207
SPH_9TeV, 2210
SPH_9TeV, 2219
SPH_9TeV, 228
SPH_9TeV, 2310
SPH_9TeV, 2318
SPH_9TeV, 2329
SPH_9TeV, 2331
SPH_9TeV, 2342
SPH_9TeV, 2347
SPH_9TeV, 237
SPH_9TeV, 2373
SPH_9TeV, 2378
SPH_9TeV, 2382
SPH_9TeV, 2419
SPH_9TeV, 2466
SPH_9TeV, 2502
SPH_9TeV, 2518
SPH_9TeV, 2600
SPH_9TeV, 2622
SPH_9TeV, 2680
SPH_9TeV, 274
SPH_9TeV, 278
SPH_9TeV, 2781
SPH_9TeV, 327
SPH_9TeV, 340
SPH_9TeV, 360
SPH_9TeV, 374
SPH_9TeV, 437
SPH_9TeV, 460
SPH_9TeV, 466
SPH_9TeV, 483
SPH_9TeV, 501
SPH_9TeV, 595
SPH_9TeV, 633
SPH_9TeV, 634
SPH_9TeV, 640
SPH_9TeV, 649
SPH_9TeV, 654
SPH_9TeV, 67
SPH_9TeV, 664
SPH_9TeV, 743
SPH_9TeV, 773
SPH_9TeV, 811
SPH_9TeV, 858
SPH_9TeV, 861
SPH_9TeV, 908
SPH_9TeV, 937
SPH_9TeV, 952
SPH_9TeV, 970
BH_n4_M10, 2
BH_n4_M10, 1005
BH_n4_M10, 1006
BH_n4_M10, 1007
BH_n4_M10, 1008
BH_n4_M10, 1013
BH_n4_M10, 1014
BH_n4_M10, 1018
BH_n4_M10, 1023
BH_n4_M10, 1027
BH_n4_M10, 1029
BH_n4_M10, 1030
BH_n4_M10, 1037
BH_n4_M10, 1044
BH_n4_M10, 1052
BH_n4_M10, 1055
BH_n4_M10, 107
BH_n4_M10, 1062
BH_n4_M10, 1067
BH_n4_M10, 1071
BH_n4_M10, 1072
BH_n4_M10, 1078
BH_n4_M10, 1081
BH_n4_M10, 1097
BH_n4_M10, 12
BH_n4_M10, 1111
BH_n4_M10, 1116
BH_n4_M10, 1123
BH_n4_M10, 1124
BH_n4_M10, 1129
BH_n4_M10, 1137
BH_n4_M10, 1138
BH_n4_M10, 115
BH_n4_M10, 1143
BH_n4_M10, 1146
BH_n4_M10, 1148
BH_n4_M10, 1149
BH_n4_M10, 1156
BH_n4_M10, 1162
BH_n4_M10, 1170
BH_n4_M10, 118
BH_n4_M10, 1171
BH_n4_M10, 1176
BH_n4_M10, 1179
BH_n4_M10, 1180
BH_n4_M10, 1186
BH_n4_M10, 1187
BH_n4_M10, 1189
BH_n4_M10, 1190
BH_n4_M10, 120
BH_n4_M10, 1196
BH_n4_M10, 1197
BH_n4_M10, 1199
BH_n4_M10, 1200
BH_n4_M10, 1206
BH_n4_M10, 1213
BH_n4_M10, 1219
BH_n4_M10, 1220
BH_n4_M10, 1224
BH_n4_M10, 1227
BH_n4_M10, 1230
BH_n4_M10, 124
BH_n4_M10, 1237
BH_n4_M10, 1239
BH_n4_M10, 1241
BH_n4_M10, 1244
BH_n4_M10, 1251
BH_n4_M10, 1252
BH_n4_M10, 127
BH_n4_M10, 1265
BH_n4_M10, 1269
BH_n4_M10, 1272
BH_n4_M10, 1280
BH_n4_M10, 1284
BH_n4_M10, 1294
BH_n4_M10, 1301
BH_n4_M10, 1308
BH_n4_M10, 1318
BH_n4_M10, 1322
BH_n4_M10, 1329
BH_n4_M10, 134
BH_n4_M10, 1337
BH_n4_M10, 1338
BH_n4_M10, 1339
BH_n4_M10, 135
BH_n4_M10, 1347
BH_n4_M10, 1351
BH_n4_M10, 1352
BH_n4_M10, 1354
BH_n4_M10, 1358
BH_n4_M10, 1362
BH_n4_M10, 1366
BH_n4_M10, 1369
BH_n4_M10, 138
BH_n4_M10, 1386
BH_n4_M10, 1400
BH_n4_M10, 1403
BH_n4_M10, 1405
BH_n4_M10, 1407
BH_n4_M10, 1409
BH_n4_M10, 1410
BH_n4_M10, 1412
BH_n4_M10, 1415
BH_n4_M10, 1417
BH_n4_M10, 1430
BH_n4_M10, 144
BH_n4_M10, 1435
BH_n4_M10, 1441
BH_n4_M10, 1442
BH_n4_M10, 1443
BH_n4_M10, 1449
BH_n4_M10, 1451
BH_n4_M10, 1455
BH_n4_M10, 1460
BH_n4_M10, 1461
BH_n4_M10, 1462
BH_n4_M10, 1466
BH_n4_M10, 1467
BH_n4_M10, 1468
BH_n4_M10, 148
BH_n4_M10, 1472
BH_n4_M10, 1481
BH_n4_M10, 1483
BH_n4_M10, 1486
BH_n4_M10, 1488
BH_n4_M10, 16
BH_n4_M10, 1501
BH_n4_M10, 1502
BH_n4_M10, 1504
BH_n4_M10, 1517
BH_n4_M10, 153
BH_n4_M10, 1521
BH_n4_M10, 1523
BH_n4_M10, 1533
BH_n4_M10, 1536
BH_n4_M10, 1538
BH_n4_M10, 1539
BH_n4_M10, 1543
BH_n4_M10, 157
BH_n4_M10, 1563
BH_n4_M10, 1567
BH_n4_M10, 158
BH_n4_M10, 1571
BH_n4_M10, 1575
BH_n4_M10, 1580
BH_n4_M10, 1581
BH_n4_M10, 1594
BH_n4_M10, 1598
BH_n4_M10, 1612
BH_n4_M10, 1614
BH_n4_M10, 1617
BH_n4_M10, 1621
BH_n4_M10, 1624
BH_n4_M10, 1626
BH_n4_M10, 1628
BH_n4_M10, 1630
BH_n4_M10, 1657
BH_n4_M10, 1658
BH_n4_M10, 1673
BH_n4_M10, 1677
BH_n4_M10, 1681
BH_n4_M10, 1685
BH_n4_M10, 1686
BH_n4_M10, 1688
BH_n4_M10, 1696
BH_n4_M10, 1697
BH_n4_M10, 1709
BH_n4_M10, 1710
BH_n4_M10, 1711
BH_n4_M10, 1714
BH_n4_M10, 1717
BH_n4_M10, 1728
BH_n4_M10, 1729
BH_n4_M10, 1730
BH_n4_M10, 1733
BH_n4_M10, 1734
BH_n4_M10, 1749
BH_n4_M10, 1751
BH_n4_M10, 1754
BH_n4_M10, 1764
BH_n4_M10, 1771
BH_n4_M10, 1775
BH_n4_M10, 1776
BH_n4_M10, 1782
BH_n4_M10, 1788
BH_n4_M10, 1793
BH_n4_M10, 1795
BH_n4_M10, 1808
BH_n4_M10, 1811
BH_n4_M10, 1813
BH_n4_M10, 1816
BH_n4_M10, 1820
BH_n4_M10, 183
BH_n4_M10, 1822
BH_n4_M10, 1841
BH_n4_M10, 1842
BH_n4_M10, 1850
BH_n4_M10, 1853
BH_n4_M10, 1855
BH_n4_M10, 1861
BH_n4_M10, 1885
BH_n4_M10, 1886
BH_n4_M10, 1892
BH_n4_M10, 191
BH_n4_M10, 1901
BH_n4_M10, 1907
BH_n4_M10, 192
BH_n4_M10, 1914
BH_n4_M10, 1915
BH_n4_M10, 1922
BH_n4_M10, 1924
BH_n4_M10, 1930
BH_n4_M10, 194
BH_n4_M10, 1936
BH_n4_M10, 1941
BH_n4_M10, 1946
BH_n4_M10, 1948
BH_n4_M10, 1949
BH_n4_M10, 1953
BH_n4_M10, 1955
BH_n4_M10, 1958
BH_n4_M10, 1966
BH_n4_M10, 1974
BH_n4_M10, 1975
BH_n4_M10, 1977
BH_n4_M10, 1982
BH_n4_M10, 1983
BH_n4_M10, 1993
BH_n4_M10, 1994
BH_n4_M10, 201
BH_n4_M10, 2006
BH_n4_M10, 2007
BH_n4_M10, 2008
BH_n4_M10, 2020
BH_n4_M10, 2022
BH_n4_M10, 2027
BH_n4_M10, 2031
BH_n4_M10, 2032
BH_n4_M10, 2035
BH_n4_M10, 2037
BH_n4_M10, 2041
BH_n4_M10, 206
BH_n4_M10, 2054
BH_n4_M10, 2055
BH_n4_M10, 2061
BH_n4_M10, 2066
BH_n4_M10, 2070
BH_n4_M10, 2071
BH_n4_M10, 2083
BH_n4_M10, 2094
BH_n4_M10, 2096
BH_n4_M10, 22
BH_n4_M10, 2104
BH_n4_M10, 2106
BH_n4_M10, 2118
BH_n4_M10, 2119
BH_n4_M10, 2127
BH_n4_M10, 214
BH_n4_M10, 2133
BH_n4_M10, 2134
BH_n4_M10, 2135
BH_n4_M10, 2141
BH_n4_M10, 2144
BH_n4_M10, 2150
BH_n4_M10, 2153
BH_n4_M10, 2157
BH_n4_M10, 2166
BH_n4_M10, 2168
BH_n4_M10, 2178
BH_n4_M10, 2190
BH_n4_M10, 2197
BH_n4_M10, 2198
BH_n4_M10, 2204
BH_n4_M10, 2209
BH_n4_M10, 2213
BH_n4_M10, 2221
BH_n4_M10, 2229
BH_n4_M10, 2235
BH_n4_M10, 2240
BH_n4_M10, 2245
BH_n4_M10, 2248
BH_n4_M10, 2250
BH_n4_M10, 2257
BH_n4_M10, 2264
BH_n4_M10, 228
BH_n4_M10, 2273
BH_n4_M10, 2279
BH_n4_M10, 2284
BH_n4_M10, 2286
BH_n4_M10, 2292
BH_n4_M10, 2294
BH_n4_M10, 2297
BH_n4_M10, 24
BH_n4_M10, 2302
BH_n4_M10, 2304
BH_n4_M10, 2316
BH_n4_M10, 2324
BH_n4_M10, 2335
BH_n4_M10, 2339
BH_n4_M10, 2342
BH_n4_M10, 2345
BH_n4_M10, 2347
BH_n4_M10, 2348
BH_n4_M10, 2350
BH_n4_M10, 2353
BH_n4_M10, 2356
BH_n4_M10, 2357
BH_n4_M10, 2360
BH_n4_M10, 2364
BH_n4_M10, 2368
BH_n4_M10, 2372
BH_n4_M10, 2375
BH_n4_M10, 2381
BH_n4_M10, 2389
BH_n4_M10, 2391
BH_n4_M10, 2392
BH_n4_M10, 2404
BH_n4_M10, 2418
BH_n4_M10, 2419
BH_n4_M10, 2423
BH_n4_M10, 2436
BH_n4_M10, 2439
BH_n4_M10, 246
BH_n4_M10, 2451
BH_n4_M10, 2459
BH_n4_M10, 2462
BH_n4_M10, 2465
BH_n4_M10, 2469
BH_n4_M10, 2473
BH_n4_M10, 2479
BH_n4_M10, 2481
BH_n4_M10, 2484
BH_n4_M10, 2494
BH_n4_M10, 2495
BH_n4_M10, 2497
BH_n4_M10, 2498
BH_n4_M10, 2499
BH_n4_M10, 26
BH_n4_M10, 2510
BH_n4_M10, 253
BH_n4_M10, 2534
BH_n4_M10, 2536
BH_n4_M10, 2543
BH_n4_M10, 2546
BH_n4_M10, 2550
BH_n4_M10, 2554
BH_n4_M10, 2555
BH_n4_M10, 2557
BH_n4_M10, 2559
BH_n4_M10, 2562
BH_n4_M10, 2563
BH_n4_M10, 2564
BH_n4_M10, 2571
BH_n4_M10, 2578
BH_n4_M10, 2579
BH_n4_M10, 2587
BH_n4_M10, 260
BH_n4_M10, 2593
BH_n4_M10, 2596
BH_n4_M10, 2597
BH_n4_M10, 2598
BH_n4_M10, 261
BH_n4_M10, 2608
BH_n4_M10, 2618
BH_n4_M10, 2628
BH_n4_M10, 2629
BH_n4_M10, 2632
BH_n4_M10, 2635
BH_n4_M10, 2645
BH_n4_M10, 2652
BH_n4_M10, 2659
BH_n4_M10, 2660
BH_n4_M10, 2662
BH_n4_M10, 2663
BH_n4_M10, 2667
BH_n4_M10, 269
BH_n4_M10, 2684
BH_n4_M10, 2687
BH_n4_M10, 2690
BH_n4_M10, 2700
BH_n4_M10, 28
BH_n4_M10, 2705
BH_n4_M10, 2713
BH_n4_M10, 2716
BH_n4_M10, 2722
BH_n4_M10, 274
BH_n4_M10, 2731
BH_n4_M10, 2738
BH_n4_M10, 2742
BH_n4_M10, 2744
BH_n4_M10, 2748
BH_n4_M10, 2757
BH_n4_M10, 2759
BH_n4_M10, 277
BH_n4_M10, 2770
BH_n4_M10, 2776
BH_n4_M10, 2779
BH_n4_M10, 2781
BH_n4_M10, 2783
BH_n4_M10, 2785
BH_n4_M10, 2796
BH_n4_M10, 2798
BH_n4_M10, 2805
BH_n4_M10, 2807
BH_n4_M10, 2812
BH_n4_M10, 283
BH_n4_M10, 2829
BH_n4_M10, 2833
BH_n4_M10, 2839
BH_n4_M10, 2840
BH_n4_M10, 2842
BH_n4_M10, 2854
BH_n4_M10, 2858
BH_n4_M10, 287
BH_n4_M10, 2870
BH_n4_M10, 2873
BH_n4_M10, 2884
BH_n4_M10, 2886
BH_n4_M10, 2892
BH_n4_M10, 2903
BH_n4_M10, 2906
BH_n4_M10, 292
BH_n4_M10, 2915
BH_n4_M10, 2923
BH_n4_M10, 2926
BH_n4_M10, 2939
BH_n4_M10, 2951
BH_n4_M10, 2953
BH_n4_M10, 2970
BH_n4_M10, 2972
BH_n4_M10, 2973
BH_n4_M10, 2979
BH_n4_M10, 2987
BH_n4_M10, 2990
BH_n4_M10, 2994
BH_n4_M10, 2995
BH_n4_M10, 3000
BH_n4_M10, 31
BH_n4_M10, 3004
BH_n4_M10, 3006
BH_n4_M10, 3009
BH_n4_M10, 3014
BH_n4_M10, 3018
BH_n4_M10, 303
BH_n4_M10, 3028
BH_n4_M10, 3032
BH_n4_M10, 3036
BH_n4_M10, 3040
BH_n4_M10, 3045
BH_n4_M10, 3048
BH_n4_M10, 3057
BH_n4_M10, 309
BH_n4_M10, 3081
BH_n4_M10, 3086
BH_n4_M10, 3087
BH_n4_M10, 3089
BH_n4_M10, 310
BH_n4_M10, 3092
BH_n4_M10, 3093
BH_n4_M10, 3094
BH_n4_M10, 3097
BH_n4_M10, 3103
BH_n4_M10, 3110
BH_n4_M10, 3117
BH_n4_M10, 3120
BH_n4_M10, 3125
BH_n4_M10, 3131
BH_n4_M10, 3142
BH_n4_M10, 3143
BH_n4_M10, 3145
BH_n4_M10, 3148
BH_n4_M10, 317
BH_n4_M10, 3163
BH_n4_M10, 3167
BH_n4_M10, 3186
BH_n4_M10, 3189
BH_n4_M10, 3190
BH_n4_M10, 3193
BH_n4_M10, 3194
BH_n4_M10, 3195
BH_n4_M10, 3211
BH_n4_M10, 3212
BH_n4_M10, 3213
BH_n4_M10, 3223
BH_n4_M10, 3233
BH_n4_M10, 3234
BH_n4_M10, 3239
BH_n4_M10, 3242
BH_n4_M10, 3245
BH_n4_M10, 326
BH_n4_M10, 3251
BH_n4_M10, 3260
BH_n4_M10, 3262
BH_n4_M10, 3270
BH_n4_M10, 3272
BH_n4_M10, 3287
BH_n4_M10, 3299
BH_n4_M10, 3301
BH_n4_M10, 3310
BH_n4_M10, 333
BH_n4_M10, 3323
BH_n4_M10, 3324
BH_n4_M10, 3330
BH_n4_M10, 334
BH_n4_M10, 3334
BH_n4_M10, 3335
BH_n4_M10, 3347
BH_n4_M10, 336
BH_n4_M10, 3355
BH_n4_M10, 3357
BH_n4_M10, 3364
BH_n4_M10, 3374
BH_n4_M10, 3379
BH_n4_M10, 3380
BH_n4_M10, 3390
BH_n4_M10, 340
BH_n4_M10, 3391
BH_n4_M10, 3392
BH_n4_M10, 3394
BH_n4_M10, 3395
BH_n4_M10, 3396
BH_n4_M10, 3406
BH_n4_M10, 3414
BH_n4_M10, 3415
BH_n4_M10, 3429
BH_n4_M10, 3436
BH_n4_M10, 3437
BH_n4_M10, 3441
BH_n4_M10, 3443
BH_n4_M10, 3448
BH_n4_M10, 3453
BH_n4_M10, 3455
BH_n4_M10, 3462
BH_n4_M10, 3464
BH_n4_M10, 3476
BH_n4_M10, 3491
BH_n4_M10, 3495
BH_n4_M10, 351
BH_n4_M10, 3503
BH_n4_M10, 3504
BH_n4_M10, 3507
BH_n4_M10, 3508
BH_n4_M10, 3511
BH_n4_M10, 3513
BH_n4_M10, 3514
BH_n4_M10, 3526
BH_n4_M10, 3530
BH_n4_M10, 3535
BH_n4_M10, 3537
BH_n4_M10, 355
BH_n4_M10, 3541
BH_n4_M10, 3543
BH_n4_M10, 3552
BH_n4_M10, 3559
BH_n4_M10, 3561
BH_n4_M10, 3562
BH_n4_M10, 3564
BH_n4_M10, 3570
BH_n4_M10, 3575
BH_n4_M10, 3576
BH_n4_M10, 3577
BH_n4_M10, 3579
BH_n4_M10, 3580
BH_n4_M10, 3583
BH_n4_M10, 3587
BH_n4_M10, 3595
BH_n4_M10, 361
BH_n4_M10, 3610
BH_n4_M10, 362
BH_n4_M10, 3612
BH_n4_M10, 3613
BH_n4_M10, 3615
BH_n4_M10, 3618
BH_n4_M10, 3622
BH_n4_M10, 3627
BH_n4_M10, 3631
BH_n4_M10, 3632
BH_n4_M10, 3645
BH_n4_M10, 3646
BH_n4_M10, 3648
BH_n4_M10, 3649
BH_n4_M10, 366
BH_n4_M10, 3662
BH_n4_M10, 3669
BH_n4_M10, 3675
BH_n4_M10, 3677
BH_n4_M10, 3679
BH_n4_M10, 3688
BH_n4_M10, 3693
BH_n4_M10, 3696
