Wrongly predicted events from datasets: ['/disk/atlas3/data_MC/delphes//PP13-Sphaleron-THR9-FRZ15-NB0-NSUBPALL_3000events.root', '/disk/atlas3/data_MC/delphes//BH_n4_M10_3000events.root'] by model XGBoost(binary-classification, low-levelSPH_9TeV, 15
SPH_9TeV, 19
SPH_9TeV, 28
SPH_9TeV, 34
SPH_9TeV, 35
SPH_9TeV, 38
SPH_9TeV, 44
SPH_9TeV, 46
SPH_9TeV, 50
SPH_9TeV, 51
SPH_9TeV, 61
SPH_9TeV, 63
SPH_9TeV, 65
SPH_9TeV, 70
SPH_9TeV, 80
SPH_9TeV, 92
SPH_9TeV, 105
SPH_9TeV, 110
SPH_9TeV, 123
SPH_9TeV, 131
SPH_9TeV, 152
SPH_9TeV, 165
SPH_9TeV, 167
SPH_9TeV, 171
SPH_9TeV, 191
SPH_9TeV, 215
SPH_9TeV, 228
SPH_9TeV, 229
SPH_9TeV, 233
SPH_9TeV, 244
SPH_9TeV, 255
SPH_9TeV, 266
SPH_9TeV, 269
SPH_9TeV, 271
SPH_9TeV, 272
SPH_9TeV, 273
SPH_9TeV, 274
SPH_9TeV, 306
SPH_9TeV, 307
SPH_9TeV, 312
SPH_9TeV, 319
SPH_9TeV, 328
SPH_9TeV, 341
SPH_9TeV, 344
SPH_9TeV, 363
SPH_9TeV, 375
SPH_9TeV, 378
SPH_9TeV, 379
SPH_9TeV, 386
SPH_9TeV, 389
SPH_9TeV, 397
SPH_9TeV, 406
SPH_9TeV, 414
SPH_9TeV, 420
SPH_9TeV, 424
SPH_9TeV, 434
SPH_9TeV, 449
SPH_9TeV, 489
SPH_9TeV, 494
SPH_9TeV, 498
SPH_9TeV, 516
SPH_9TeV, 523
SPH_9TeV, 547
SPH_9TeV, 557
SPH_9TeV, 559
SPH_9TeV, 560
SPH_9TeV, 568
SPH_9TeV, 570
SPH_9TeV, 573
SPH_9TeV, 575
SPH_9TeV, 602
SPH_9TeV, 604
SPH_9TeV, 605
SPH_9TeV, 635
SPH_9TeV, 639
SPH_9TeV, 640
SPH_9TeV, 661
SPH_9TeV, 669
SPH_9TeV, 679
SPH_9TeV, 686
SPH_9TeV, 712
SPH_9TeV, 717
SPH_9TeV, 719
SPH_9TeV, 729
SPH_9TeV, 738
SPH_9TeV, 740
SPH_9TeV, 759
SPH_9TeV, 770
SPH_9TeV, 774
SPH_9TeV, 783
SPH_9TeV, 789
SPH_9TeV, 791
SPH_9TeV, 793
SPH_9TeV, 796
SPH_9TeV, 799
SPH_9TeV, 804
SPH_9TeV, 812
SPH_9TeV, 836
SPH_9TeV, 844
SPH_9TeV, 854
SPH_9TeV, 860
SPH_9TeV, 887
SPH_9TeV, 899
SPH_9TeV, 925
SPH_9TeV, 926
SPH_9TeV, 930
SPH_9TeV, 933
SPH_9TeV, 935
SPH_9TeV, 949
SPH_9TeV, 959
SPH_9TeV, 965
SPH_9TeV, 970
SPH_9TeV, 991
SPH_9TeV, 997
SPH_9TeV, 1004
SPH_9TeV, 1009
SPH_9TeV, 1015
SPH_9TeV, 1017
SPH_9TeV, 1031
SPH_9TeV, 1036
SPH_9TeV, 1057
SPH_9TeV, 1069
SPH_9TeV, 1072
SPH_9TeV, 1098
SPH_9TeV, 1103
SPH_9TeV, 1120
SPH_9TeV, 1127
SPH_9TeV, 1152
SPH_9TeV, 1157
SPH_9TeV, 1173
SPH_9TeV, 1190
SPH_9TeV, 1207
SPH_9TeV, 1216
SPH_9TeV, 1219
SPH_9TeV, 1222
SPH_9TeV, 1249
SPH_9TeV, 1255
SPH_9TeV, 1258
SPH_9TeV, 1259
SPH_9TeV, 1269
SPH_9TeV, 1270
SPH_9TeV, 1285
SPH_9TeV, 1300
SPH_9TeV, 1304
SPH_9TeV, 1305
SPH_9TeV, 1326
SPH_9TeV, 1334
SPH_9TeV, 1336
SPH_9TeV, 1350
SPH_9TeV, 1353
SPH_9TeV, 1354
SPH_9TeV, 1359
SPH_9TeV, 1389
SPH_9TeV, 1393
SPH_9TeV, 1405
SPH_9TeV, 1425
SPH_9TeV, 1427
SPH_9TeV, 1431
SPH_9TeV, 1440
SPH_9TeV, 1441
SPH_9TeV, 1442
SPH_9TeV, 1447
SPH_9TeV, 1497
SPH_9TeV, 1502
SPH_9TeV, 1512
SPH_9TeV, 1514
SPH_9TeV, 1516
SPH_9TeV, 1553
SPH_9TeV, 1559
SPH_9TeV, 1570
SPH_9TeV, 1576
SPH_9TeV, 1585
SPH_9TeV, 1589
SPH_9TeV, 1593
SPH_9TeV, 1596
SPH_9TeV, 1601
SPH_9TeV, 1608
SPH_9TeV, 1627
SPH_9TeV, 1628
SPH_9TeV, 1647
SPH_9TeV, 1654
SPH_9TeV, 1670
SPH_9TeV, 1676
SPH_9TeV, 1687
SPH_9TeV, 1693
SPH_9TeV, 1694
SPH_9TeV, 1706
SPH_9TeV, 1707
SPH_9TeV, 1734
SPH_9TeV, 1745
SPH_9TeV, 1751
SPH_9TeV, 1754
SPH_9TeV, 1769
SPH_9TeV, 1782
SPH_9TeV, 1783
SPH_9TeV, 1817
SPH_9TeV, 1821
SPH_9TeV, 1823
SPH_9TeV, 1840
SPH_9TeV, 1849
SPH_9TeV, 1862
SPH_9TeV, 1869
SPH_9TeV, 1890
SPH_9TeV, 1897
SPH_9TeV, 1900
SPH_9TeV, 1904
SPH_9TeV, 1912
SPH_9TeV, 1929
SPH_9TeV, 1936
SPH_9TeV, 1946
SPH_9TeV, 1948
SPH_9TeV, 1950
SPH_9TeV, 1959
SPH_9TeV, 1965
SPH_9TeV, 1973
SPH_9TeV, 1982
SPH_9TeV, 1984
SPH_9TeV, 1991
SPH_9TeV, 1992
SPH_9TeV, 2003
SPH_9TeV, 2007
SPH_9TeV, 2019
SPH_9TeV, 2020
SPH_9TeV, 2048
SPH_9TeV, 2053
SPH_9TeV, 2072
SPH_9TeV, 2079
SPH_9TeV, 2080
SPH_9TeV, 2096
SPH_9TeV, 2101
SPH_9TeV, 2133
SPH_9TeV, 2135
SPH_9TeV, 2140
SPH_9TeV, 2151
SPH_9TeV, 2166
SPH_9TeV, 2187
SPH_9TeV, 2208
SPH_9TeV, 2211
SPH_9TeV, 2243
SPH_9TeV, 2248
SPH_9TeV, 2260
SPH_9TeV, 2270
SPH_9TeV, 2273
SPH_9TeV, 2278
SPH_9TeV, 2289
SPH_9TeV, 2293
SPH_9TeV, 2307
SPH_9TeV, 2313
SPH_9TeV, 2314
SPH_9TeV, 2315
SPH_9TeV, 2316
SPH_9TeV, 2328
SPH_9TeV, 2333
SPH_9TeV, 2354
SPH_9TeV, 2376
SPH_9TeV, 2378
SPH_9TeV, 2380
SPH_9TeV, 2395
SPH_9TeV, 2403
SPH_9TeV, 2414
SPH_9TeV, 2418
SPH_9TeV, 2425
SPH_9TeV, 2435
SPH_9TeV, 2444
SPH_9TeV, 2454
SPH_9TeV, 2456
SPH_9TeV, 2490
SPH_9TeV, 2492
SPH_9TeV, 2493
SPH_9TeV, 2501
SPH_9TeV, 2509
SPH_9TeV, 2516
SPH_9TeV, 2517
SPH_9TeV, 2519
SPH_9TeV, 2523
SPH_9TeV, 2532
SPH_9TeV, 2539
SPH_9TeV, 2551
SPH_9TeV, 2553
SPH_9TeV, 2554
SPH_9TeV, 2555
SPH_9TeV, 2562
SPH_9TeV, 2565
SPH_9TeV, 2567
SPH_9TeV, 2576
SPH_9TeV, 2577
SPH_9TeV, 2587
SPH_9TeV, 2588
SPH_9TeV, 2606
SPH_9TeV, 2608
SPH_9TeV, 2613
SPH_9TeV, 2618
SPH_9TeV, 2630
SPH_9TeV, 2658
SPH_9TeV, 2672
SPH_9TeV, 2676
SPH_9TeV, 2686
SPH_9TeV, 2687
SPH_9TeV, 2698
SPH_9TeV, 2709
SPH_9TeV, 2726
SPH_9TeV, 2747
SPH_9TeV, 2755
SPH_9TeV, 2758
SPH_9TeV, 2766
SPH_9TeV, 2767
SPH_9TeV, 2780
SPH_9TeV, 2782
SPH_9TeV, 2789
SPH_9TeV, 2801
SPH_9TeV, 2810
SPH_9TeV, 2823
SPH_9TeV, 2826
SPH_9TeV, 2830
SPH_9TeV, 2831
SPH_9TeV, 2853
SPH_9TeV, 2855
SPH_9TeV, 2870
SPH_9TeV, 2886
SPH_9TeV, 2887
SPH_9TeV, 2894
SPH_9TeV, 2898
SPH_9TeV, 2916
SPH_9TeV, 2933
SPH_9TeV, 2937
SPH_9TeV, 2940
SPH_9TeV, 2962
SPH_9TeV, 2977
SPH_9TeV, 2998
BH_n4_M10, 1
BH_n4_M10, 5
BH_n4_M10, 10
BH_n4_M10, 33
BH_n4_M10, 35
BH_n4_M10, 43
BH_n4_M10, 45
BH_n4_M10, 68
BH_n4_M10, 74
BH_n4_M10, 81
BH_n4_M10, 90
BH_n4_M10, 94
BH_n4_M10, 95
BH_n4_M10, 100
BH_n4_M10, 103
BH_n4_M10, 111
BH_n4_M10, 113
BH_n4_M10, 116
BH_n4_M10, 119
BH_n4_M10, 127
BH_n4_M10, 142
BH_n4_M10, 144
BH_n4_M10, 145
BH_n4_M10, 158
BH_n4_M10, 160
BH_n4_M10, 168
BH_n4_M10, 172
BH_n4_M10, 183
BH_n4_M10, 185
BH_n4_M10, 190
BH_n4_M10, 198
BH_n4_M10, 203
BH_n4_M10, 213
BH_n4_M10, 214
BH_n4_M10, 216
BH_n4_M10, 220
BH_n4_M10, 221
BH_n4_M10, 247
BH_n4_M10, 253
BH_n4_M10, 256
BH_n4_M10, 278
BH_n4_M10, 311
BH_n4_M10, 317
BH_n4_M10, 321
BH_n4_M10, 327
BH_n4_M10, 329
BH_n4_M10, 334
BH_n4_M10, 341
BH_n4_M10, 352
BH_n4_M10, 354
BH_n4_M10, 360
BH_n4_M10, 363
BH_n4_M10, 364
BH_n4_M10, 392
BH_n4_M10, 393
BH_n4_M10, 403
BH_n4_M10, 409
BH_n4_M10, 439
BH_n4_M10, 442
BH_n4_M10, 458
BH_n4_M10, 470
BH_n4_M10, 478
BH_n4_M10, 491
BH_n4_M10, 492
BH_n4_M10, 503
BH_n4_M10, 515
BH_n4_M10, 527
BH_n4_M10, 531
BH_n4_M10, 534
BH_n4_M10, 537
BH_n4_M10, 538
BH_n4_M10, 547
BH_n4_M10, 548
BH_n4_M10, 554
BH_n4_M10, 557
BH_n4_M10, 558
BH_n4_M10, 562
BH_n4_M10, 565
BH_n4_M10, 568
BH_n4_M10, 569
BH_n4_M10, 574
BH_n4_M10, 577
BH_n4_M10, 586
BH_n4_M10, 590
BH_n4_M10, 591
BH_n4_M10, 604
BH_n4_M10, 610
BH_n4_M10, 614
BH_n4_M10, 620
BH_n4_M10, 641
BH_n4_M10, 644
BH_n4_M10, 651
BH_n4_M10, 657
BH_n4_M10, 658
BH_n4_M10, 659
BH_n4_M10, 663
BH_n4_M10, 666
BH_n4_M10, 678
BH_n4_M10, 680
BH_n4_M10, 684
BH_n4_M10, 688
BH_n4_M10, 697
BH_n4_M10, 699
BH_n4_M10, 703
BH_n4_M10, 705
BH_n4_M10, 716
BH_n4_M10, 718
BH_n4_M10, 731
BH_n4_M10, 740
BH_n4_M10, 754
BH_n4_M10, 757
BH_n4_M10, 758
BH_n4_M10, 760
BH_n4_M10, 764
BH_n4_M10, 789
BH_n4_M10, 793
BH_n4_M10, 797
BH_n4_M10, 800
BH_n4_M10, 804
BH_n4_M10, 806
BH_n4_M10, 807
BH_n4_M10, 814
BH_n4_M10, 818
BH_n4_M10, 822
BH_n4_M10, 825
BH_n4_M10, 833
BH_n4_M10, 835
BH_n4_M10, 851
BH_n4_M10, 857
BH_n4_M10, 862
BH_n4_M10, 863
BH_n4_M10, 864
BH_n4_M10, 867
BH_n4_M10, 870
BH_n4_M10, 873
BH_n4_M10, 874
BH_n4_M10, 885
BH_n4_M10, 888
BH_n4_M10, 905
BH_n4_M10, 917
BH_n4_M10, 929
BH_n4_M10, 942
BH_n4_M10, 947
BH_n4_M10, 949
BH_n4_M10, 951
BH_n4_M10, 959
BH_n4_M10, 965
BH_n4_M10, 1013
BH_n4_M10, 1028
BH_n4_M10, 1029
BH_n4_M10, 1030
BH_n4_M10, 1032
BH_n4_M10, 1037
BH_n4_M10, 1040
BH_n4_M10, 1052
BH_n4_M10, 1058
BH_n4_M10, 1065
BH_n4_M10, 1077
BH_n4_M10, 1082
BH_n4_M10, 1083
BH_n4_M10, 1086
BH_n4_M10, 1096
BH_n4_M10, 1101
BH_n4_M10, 1102
BH_n4_M10, 1108
BH_n4_M10, 1118
BH_n4_M10, 1120
BH_n4_M10, 1122
BH_n4_M10, 1123
BH_n4_M10, 1132
BH_n4_M10, 1146
BH_n4_M10, 1147
BH_n4_M10, 1149
BH_n4_M10, 1154
BH_n4_M10, 1169
BH_n4_M10, 1170
BH_n4_M10, 1177
BH_n4_M10, 1210
BH_n4_M10, 1211
BH_n4_M10, 1217
BH_n4_M10, 1224
BH_n4_M10, 1227
BH_n4_M10, 1240
BH_n4_M10, 1251
BH_n4_M10, 1255
BH_n4_M10, 1256
BH_n4_M10, 1281
BH_n4_M10, 1282
BH_n4_M10, 1283
BH_n4_M10, 1289
BH_n4_M10, 1302
BH_n4_M10, 1310
BH_n4_M10, 1313
BH_n4_M10, 1329
BH_n4_M10, 1331
BH_n4_M10, 1341
BH_n4_M10, 1342
BH_n4_M10, 1343
BH_n4_M10, 1346
BH_n4_M10, 1348
BH_n4_M10, 1353
BH_n4_M10, 1360
BH_n4_M10, 1363
BH_n4_M10, 1365
BH_n4_M10, 1368
BH_n4_M10, 1373
BH_n4_M10, 1383
BH_n4_M10, 1384
BH_n4_M10, 1402
BH_n4_M10, 1403
BH_n4_M10, 1414
BH_n4_M10, 1422
BH_n4_M10, 1427
BH_n4_M10, 1429
BH_n4_M10, 1430
BH_n4_M10, 1432
BH_n4_M10, 1446
BH_n4_M10, 1453
BH_n4_M10, 1459
BH_n4_M10, 1475
BH_n4_M10, 1477
BH_n4_M10, 1481
BH_n4_M10, 1484
BH_n4_M10, 1486
BH_n4_M10, 1491
BH_n4_M10, 1496
BH_n4_M10, 1499
BH_n4_M10, 1501
BH_n4_M10, 1509
BH_n4_M10, 1515
BH_n4_M10, 1521
BH_n4_M10, 1524
BH_n4_M10, 1530
BH_n4_M10, 1532
BH_n4_M10, 1540
BH_n4_M10, 1541
BH_n4_M10, 1547
BH_n4_M10, 1560
BH_n4_M10, 1577
BH_n4_M10, 1583
BH_n4_M10, 1588
BH_n4_M10, 1602
BH_n4_M10, 1613
BH_n4_M10, 1615
BH_n4_M10, 1619
BH_n4_M10, 1620
BH_n4_M10, 1624
BH_n4_M10, 1634
BH_n4_M10, 1637
BH_n4_M10, 1644
BH_n4_M10, 1648
BH_n4_M10, 1654
BH_n4_M10, 1668
BH_n4_M10, 1676
BH_n4_M10, 1688
BH_n4_M10, 1697
BH_n4_M10, 1706
BH_n4_M10, 1709
BH_n4_M10, 1718
BH_n4_M10, 1733
BH_n4_M10, 1738
BH_n4_M10, 1740
BH_n4_M10, 1750
BH_n4_M10, 1752
BH_n4_M10, 1790
BH_n4_M10, 1793
BH_n4_M10, 1794
BH_n4_M10, 1796
BH_n4_M10, 1798
BH_n4_M10, 1800
BH_n4_M10, 1802
BH_n4_M10, 1805
BH_n4_M10, 1810
BH_n4_M10, 1811
BH_n4_M10, 1814
BH_n4_M10, 1819
BH_n4_M10, 1825
BH_n4_M10, 1836
BH_n4_M10, 1850
BH_n4_M10, 1853
BH_n4_M10, 1864
BH_n4_M10, 1868
BH_n4_M10, 1870
BH_n4_M10, 1875
BH_n4_M10, 1879
BH_n4_M10, 1881
BH_n4_M10, 1883
BH_n4_M10, 1885
BH_n4_M10, 1894
BH_n4_M10, 1899
BH_n4_M10, 1902
BH_n4_M10, 1907
BH_n4_M10, 1911
BH_n4_M10, 1912
BH_n4_M10, 1921
BH_n4_M10, 1922
BH_n4_M10, 1926
BH_n4_M10, 1932
BH_n4_M10, 1933
BH_n4_M10, 1938
BH_n4_M10, 1940
BH_n4_M10, 1941
BH_n4_M10, 1949
BH_n4_M10, 1956
BH_n4_M10, 1958
BH_n4_M10, 1959
BH_n4_M10, 1962
BH_n4_M10, 1964
BH_n4_M10, 1977
BH_n4_M10, 1989
BH_n4_M10, 1999
BH_n4_M10, 2015
BH_n4_M10, 2016
BH_n4_M10, 2018
BH_n4_M10, 2027
BH_n4_M10, 2033
BH_n4_M10, 2036
BH_n4_M10, 2037
BH_n4_M10, 2041
BH_n4_M10, 2044
BH_n4_M10, 2048
BH_n4_M10, 2053
BH_n4_M10, 2058
BH_n4_M10, 2060
BH_n4_M10, 2064
BH_n4_M10, 2068
BH_n4_M10, 2072
BH_n4_M10, 2076
BH_n4_M10, 2082
BH_n4_M10, 2091
BH_n4_M10, 2096
BH_n4_M10, 2099
BH_n4_M10, 2100
BH_n4_M10, 2101
BH_n4_M10, 2102
BH_n4_M10, 2104
BH_n4_M10, 2121
BH_n4_M10, 2122
BH_n4_M10, 2132
BH_n4_M10, 2136
BH_n4_M10, 2147
BH_n4_M10, 2151
BH_n4_M10, 2157
BH_n4_M10, 2158
BH_n4_M10, 2161
BH_n4_M10, 2163
BH_n4_M10, 2169
BH_n4_M10, 2175
BH_n4_M10, 2181
BH_n4_M10, 2185
BH_n4_M10, 2187
BH_n4_M10, 2188
BH_n4_M10, 2190
BH_n4_M10, 2191
BH_n4_M10, 2193
BH_n4_M10, 2194
BH_n4_M10, 2206
BH_n4_M10, 2211
BH_n4_M10, 2213
BH_n4_M10, 2242
BH_n4_M10, 2246
BH_n4_M10, 2252
BH_n4_M10, 2258
BH_n4_M10, 2261
BH_n4_M10, 2267
BH_n4_M10, 2270
BH_n4_M10, 2286
BH_n4_M10, 2292
BH_n4_M10, 2294
BH_n4_M10, 2295
BH_n4_M10, 2303
BH_n4_M10, 2306
BH_n4_M10, 2308
BH_n4_M10, 2310
BH_n4_M10, 2313
BH_n4_M10, 2319
BH_n4_M10, 2322
BH_n4_M10, 2331
BH_n4_M10, 2333
BH_n4_M10, 2341
BH_n4_M10, 2344
BH_n4_M10, 2345
BH_n4_M10, 2346
BH_n4_M10, 2347
BH_n4_M10, 2348
BH_n4_M10, 2351
BH_n4_M10, 2358
BH_n4_M10, 2369
BH_n4_M10, 2374
BH_n4_M10, 2381
BH_n4_M10, 2388
BH_n4_M10, 2392
BH_n4_M10, 2399
BH_n4_M10, 2402
BH_n4_M10, 2407
BH_n4_M10, 2412
BH_n4_M10, 2413
BH_n4_M10, 2415
BH_n4_M10, 2436
BH_n4_M10, 2437
BH_n4_M10, 2446
BH_n4_M10, 2447
BH_n4_M10, 2453
BH_n4_M10, 2457
BH_n4_M10, 2467
BH_n4_M10, 2478
BH_n4_M10, 2479
BH_n4_M10, 2481
BH_n4_M10, 2486
BH_n4_M10, 2492
BH_n4_M10, 2493
BH_n4_M10, 2505
BH_n4_M10, 2506
BH_n4_M10, 2512
BH_n4_M10, 2515
BH_n4_M10, 2516
BH_n4_M10, 2517
BH_n4_M10, 2518
BH_n4_M10, 2526
BH_n4_M10, 2533
BH_n4_M10, 2535
BH_n4_M10, 2548
BH_n4_M10, 2550
BH_n4_M10, 2555
BH_n4_M10, 2566
BH_n4_M10, 2569
BH_n4_M10, 2574
BH_n4_M10, 2589
BH_n4_M10, 2596
BH_n4_M10, 2602
BH_n4_M10, 2604
BH_n4_M10, 2610
BH_n4_M10, 2615
BH_n4_M10, 2622
BH_n4_M10, 2632
BH_n4_M10, 2634
BH_n4_M10, 2644
BH_n4_M10, 2648
BH_n4_M10, 2649
BH_n4_M10, 2650
BH_n4_M10, 2658
BH_n4_M10, 2660
BH_n4_M10, 2665
BH_n4_M10, 2685
BH_n4_M10, 2693
BH_n4_M10, 2698
BH_n4_M10, 2708
BH_n4_M10, 2729
BH_n4_M10, 2730
BH_n4_M10, 2734
BH_n4_M10, 2754
BH_n4_M10, 2772
BH_n4_M10, 2776
BH_n4_M10, 2779
BH_n4_M10, 2784
BH_n4_M10, 2787
BH_n4_M10, 2789
BH_n4_M10, 2800
BH_n4_M10, 2802
BH_n4_M10, 2814
BH_n4_M10, 2826
BH_n4_M10, 2836
BH_n4_M10, 2837
BH_n4_M10, 2838
BH_n4_M10, 2843
BH_n4_M10, 2851
BH_n4_M10, 2855
BH_n4_M10, 2858
BH_n4_M10, 2860
BH_n4_M10, 2863
BH_n4_M10, 2873
BH_n4_M10, 2877
BH_n4_M10, 2879
BH_n4_M10, 2884
BH_n4_M10, 2886
BH_n4_M10, 2887
BH_n4_M10, 2890
BH_n4_M10, 2901
BH_n4_M10, 2916
BH_n4_M10, 2922
BH_n4_M10, 2924
BH_n4_M10, 2927
BH_n4_M10, 2928
BH_n4_M10, 2932
BH_n4_M10, 2934
BH_n4_M10, 2946
BH_n4_M10, 2951
BH_n4_M10, 2954
BH_n4_M10, 2956
BH_n4_M10, 2968
BH_n4_M10, 2979
BH_n4_M10, 2981
BH_n4_M10, 2999
BH_n4_M10, 3000
