Wrongly predicted events from datasets: ['/disk/atlas3/data_MC/delphes//PP13-Sphaleron-THR9-FRZ15-NB0-NSUBPALL_20000events.root', '/disk/atlas3/data_MC/delphes//BH_n4_M10_15000events.root'] by model XGBoost(binary-classification, low-levelSPH_9, 15
SPH_9, 28
SPH_9, 44
SPH_9, 65
SPH_9, 92
SPH_9, 215
SPH_9, 272
SPH_9, 274
SPH_9, 328
SPH_9, 363
SPH_9, 378
SPH_9, 420
SPH_9, 445
SPH_9, 516
SPH_9, 602
SPH_9, 605
SPH_9, 639
SPH_9, 686
SPH_9, 699
SPH_9, 760
SPH_9, 783
SPH_9, 844
SPH_9, 854
SPH_9, 899
SPH_9, 925
SPH_9, 965
SPH_9, 969
SPH_9, 1043
SPH_9, 1103
SPH_9, 1173
SPH_9, 1285
SPH_9, 1334
SPH_9, 1431
SPH_9, 1497
SPH_9, 1553
SPH_9, 1596
SPH_9, 1654
SPH_9, 1670
SPH_9, 1676
SPH_9, 1709
SPH_9, 1742
SPH_9, 1769
SPH_9, 1793
SPH_9, 1840
SPH_9, 1862
SPH_9, 1927
SPH_9, 1984
SPH_9, 2020
SPH_9, 2135
SPH_9, 2171
SPH_9, 2187
SPH_9, 2270
SPH_9, 2315
SPH_9, 2316
SPH_9, 2400
SPH_9, 2494
SPH_9, 2517
SPH_9, 2577
SPH_9, 2686
SPH_9, 2709
SPH_9, 2782
SPH_9, 2801
SPH_9, 2826
SPH_9, 2905
SPH_9, 2916
SPH_9, 2962
SPH_9, 2998
SPH_9, 3021
SPH_9, 3198
SPH_9, 3270
SPH_9, 3305
SPH_9, 3351
SPH_9, 3484
SPH_9, 3488
SPH_9, 3555
SPH_9, 3603
SPH_9, 3629
SPH_9, 3657
SPH_9, 3768
SPH_9, 3815
SPH_9, 3925
SPH_9, 4017
SPH_9, 4044
SPH_9, 4104
SPH_9, 4159
SPH_9, 4204
SPH_9, 4228
SPH_9, 4244
SPH_9, 4294
SPH_9, 4378
SPH_9, 4399
SPH_9, 4426
SPH_9, 4436
SPH_9, 4537
SPH_9, 4576
SPH_9, 4700
SPH_9, 4705
SPH_9, 4716
SPH_9, 4719
SPH_9, 4776
SPH_9, 4822
SPH_9, 4853
SPH_9, 4864
SPH_9, 4973
SPH_9, 4987
SPH_9, 4988
SPH_9, 5042
SPH_9, 5121
SPH_9, 5154
SPH_9, 5181
SPH_9, 5186
SPH_9, 5205
SPH_9, 5208
SPH_9, 5294
SPH_9, 5331
SPH_9, 5442
SPH_9, 5449
SPH_9, 5454
SPH_9, 5470
SPH_9, 5501
SPH_9, 5521
SPH_9, 5522
SPH_9, 5544
SPH_9, 5572
SPH_9, 5619
SPH_9, 5672
SPH_9, 5677
SPH_9, 5696
SPH_9, 5704
SPH_9, 5715
SPH_9, 5857
SPH_9, 5894
SPH_9, 5909
SPH_9, 5965
SPH_9, 6074
SPH_9, 6076
SPH_9, 6135
SPH_9, 6139
SPH_9, 6237
SPH_9, 6286
SPH_9, 6304
SPH_9, 6549
SPH_9, 6583
SPH_9, 6597
SPH_9, 6607
SPH_9, 6677
SPH_9, 6706
SPH_9, 6748
SPH_9, 6761
SPH_9, 6775
SPH_9, 6780
SPH_9, 6794
SPH_9, 6869
SPH_9, 6874
SPH_9, 6906
SPH_9, 6919
SPH_9, 6945
SPH_9, 6947
SPH_9, 7076
SPH_9, 7128
SPH_9, 7183
SPH_9, 7208
SPH_9, 7270
SPH_9, 7357
SPH_9, 7449
SPH_9, 7463
SPH_9, 7485
SPH_9, 7558
SPH_9, 7696
SPH_9, 7714
SPH_9, 7896
SPH_9, 7988
SPH_9, 8141
SPH_9, 8179
SPH_9, 8181
SPH_9, 8204
SPH_9, 8220
SPH_9, 8246
SPH_9, 8250
SPH_9, 8281
SPH_9, 8297
SPH_9, 8450
SPH_9, 8539
SPH_9, 8569
SPH_9, 8723
SPH_9, 8732
SPH_9, 8978
SPH_9, 8981
SPH_9, 9049
SPH_9, 9063
SPH_9, 9154
SPH_9, 9214
SPH_9, 9401
SPH_9, 9405
SPH_9, 9500
SPH_9, 9502
SPH_9, 9583
SPH_9, 9662
SPH_9, 9897
SPH_9, 9918
SPH_9, 10011
SPH_9, 10050
SPH_9, 10157
SPH_9, 10218
SPH_9, 10227
SPH_9, 10247
SPH_9, 10278
SPH_9, 10306
SPH_9, 10344
SPH_9, 10385
SPH_9, 10472
SPH_9, 10575
SPH_9, 10653
SPH_9, 10665
SPH_9, 10733
SPH_9, 10830
SPH_9, 11036
SPH_9, 11038
SPH_9, 11075
SPH_9, 11084
SPH_9, 11130
SPH_9, 11536
SPH_9, 11743
SPH_9, 11792
SPH_9, 11808
SPH_9, 11890
SPH_9, 11950
SPH_9, 11955
SPH_9, 12011
SPH_9, 12038
SPH_9, 12096
SPH_9, 12408
SPH_9, 12435
SPH_9, 12452
SPH_9, 12541
SPH_9, 12587
SPH_9, 12749
SPH_9, 12772
SPH_9, 12829
SPH_9, 12969
SPH_9, 13000
SPH_9, 13028
SPH_9, 13155
SPH_9, 13225
SPH_9, 13227
SPH_9, 13308
SPH_9, 13392
SPH_9, 13462
SPH_9, 13566
SPH_9, 13609
SPH_9, 13659
SPH_9, 13666
SPH_9, 13734
SPH_9, 13736
SPH_9, 13883
SPH_9, 13891
SPH_9, 13918
SPH_9, 13927
SPH_9, 13942
SPH_9, 13950
SPH_9, 13974
SPH_9, 14086
SPH_9, 14102
SPH_9, 14113
SPH_9, 14199
SPH_9, 14248
SPH_9, 14251
SPH_9, 14287
SPH_9, 14308
SPH_9, 14375
SPH_9, 14397
SPH_9, 14403
SPH_9, 14444
SPH_9, 14562
SPH_9, 14599
SPH_9, 14615
SPH_9, 14675
SPH_9, 14782
SPH_9, 14832
SPH_9, 14978
SPH_9, 15033
SPH_9, 15119
SPH_9, 15123
SPH_9, 15146
SPH_9, 15243
SPH_9, 15298
SPH_9, 15337
SPH_9, 15394
SPH_9, 15448
SPH_9, 15493
SPH_9, 15528
SPH_9, 15598
SPH_9, 15681
SPH_9, 15721
SPH_9, 15741
SPH_9, 15752
SPH_9, 15789
SPH_9, 15824
SPH_9, 15825
SPH_9, 15845
SPH_9, 15960
SPH_9, 15966
BH_M10, 16
BH_M10, 17
BH_M10, 24
BH_M10, 26
BH_M10, 27
BH_M10, 32
BH_M10, 36
BH_M10, 54
BH_M10, 56
BH_M10, 62
BH_M10, 64
BH_M10, 74
BH_M10, 94
BH_M10, 105
BH_M10, 110
BH_M10, 111
BH_M10, 155
BH_M10, 174
BH_M10, 179
BH_M10, 183
BH_M10, 189
BH_M10, 198
BH_M10, 211
BH_M10, 213
BH_M10, 216
BH_M10, 224
BH_M10, 234
BH_M10, 245
BH_M10, 262
BH_M10, 288
BH_M10, 292
BH_M10, 293
BH_M10, 301
BH_M10, 315
BH_M10, 337
BH_M10, 339
BH_M10, 343
BH_M10, 347
BH_M10, 359
BH_M10, 374
BH_M10, 394
BH_M10, 395
BH_M10, 405
BH_M10, 419
BH_M10, 422
BH_M10, 436
BH_M10, 453
BH_M10, 481
BH_M10, 492
BH_M10, 504
BH_M10, 528
BH_M10, 530
BH_M10, 534
BH_M10, 568
BH_M10, 570
BH_M10, 575
BH_M10, 578
BH_M10, 595
BH_M10, 604
BH_M10, 615
BH_M10, 618
BH_M10, 620
BH_M10, 629
BH_M10, 636
BH_M10, 638
BH_M10, 648
BH_M10, 651
BH_M10, 667
BH_M10, 675
BH_M10, 698
BH_M10, 699
BH_M10, 717
BH_M10, 718
BH_M10, 720
BH_M10, 738
BH_M10, 748
BH_M10, 764
BH_M10, 770
BH_M10, 772
BH_M10, 800
BH_M10, 815
BH_M10, 818
BH_M10, 843
BH_M10, 844
BH_M10, 846
BH_M10, 866
BH_M10, 888
BH_M10, 912
BH_M10, 915
BH_M10, 926
BH_M10, 935
BH_M10, 940
BH_M10, 953
BH_M10, 961
BH_M10, 965
BH_M10, 979
BH_M10, 996
BH_M10, 1000
BH_M10, 1008
BH_M10, 1010
BH_M10, 1023
BH_M10, 1026
BH_M10, 1040
BH_M10, 1048
BH_M10, 1062
BH_M10, 1068
BH_M10, 1078
BH_M10, 1084
BH_M10, 1087
BH_M10, 1114
BH_M10, 1118
BH_M10, 1140
BH_M10, 1148
BH_M10, 1158
BH_M10, 1174
BH_M10, 1181
BH_M10, 1188
BH_M10, 1201
BH_M10, 1222
BH_M10, 1231
BH_M10, 1248
BH_M10, 1266
BH_M10, 1272
BH_M10, 1284
BH_M10, 1292
BH_M10, 1299
BH_M10, 1301
BH_M10, 1307
BH_M10, 1311
BH_M10, 1345
BH_M10, 1372
BH_M10, 1380
BH_M10, 1386
BH_M10, 1404
BH_M10, 1425
BH_M10, 1428
BH_M10, 1435
BH_M10, 1437
BH_M10, 1444
BH_M10, 1445
BH_M10, 1458
BH_M10, 1482
BH_M10, 1485
BH_M10, 1491
BH_M10, 1496
BH_M10, 1515
BH_M10, 1517
BH_M10, 1524
BH_M10, 1540
BH_M10, 1542
BH_M10, 1543
BH_M10, 1546
BH_M10, 1550
BH_M10, 1553
BH_M10, 1565
BH_M10, 1566
BH_M10, 1570
BH_M10, 1571
BH_M10, 1573
BH_M10, 1586
BH_M10, 1593
BH_M10, 1599
BH_M10, 1635
BH_M10, 1657
BH_M10, 1663
BH_M10, 1681
BH_M10, 1689
BH_M10, 1697
BH_M10, 1700
BH_M10, 1705
BH_M10, 1706
BH_M10, 1709
BH_M10, 1752
BH_M10, 1760
BH_M10, 1763
BH_M10, 1776
BH_M10, 1777
BH_M10, 1784
BH_M10, 1794
BH_M10, 1795
BH_M10, 1809
BH_M10, 1810
BH_M10, 1815
BH_M10, 1834
BH_M10, 1858
BH_M10, 1859
BH_M10, 1862
BH_M10, 1875
BH_M10, 1882
BH_M10, 1883
BH_M10, 1892
BH_M10, 1907
BH_M10, 1922
BH_M10, 1932
BH_M10, 1940
BH_M10, 1944
BH_M10, 1950
BH_M10, 1980
BH_M10, 1982
BH_M10, 1984
BH_M10, 1987
BH_M10, 2011
BH_M10, 2049
BH_M10, 2064
BH_M10, 2070
BH_M10, 2071
BH_M10, 2097
BH_M10, 2118
BH_M10, 2120
BH_M10, 2132
BH_M10, 2145
BH_M10, 2156
BH_M10, 2158
BH_M10, 2164
BH_M10, 2165
BH_M10, 2193
BH_M10, 2198
BH_M10, 2201
BH_M10, 2204
BH_M10, 2225
BH_M10, 2227
BH_M10, 2232
BH_M10, 2235
BH_M10, 2250
BH_M10, 2254
BH_M10, 2268
BH_M10, 2269
BH_M10, 2271
BH_M10, 2283
BH_M10, 2290
BH_M10, 2296
BH_M10, 2305
BH_M10, 2324
BH_M10, 2325
BH_M10, 2334
BH_M10, 2388
BH_M10, 2400
BH_M10, 2407
BH_M10, 2411
BH_M10, 2413
BH_M10, 2418
BH_M10, 2423
BH_M10, 2468
BH_M10, 2483
BH_M10, 2484
BH_M10, 2487
BH_M10, 2509
BH_M10, 2511
BH_M10, 2538
BH_M10, 2548
BH_M10, 2550
BH_M10, 2577
BH_M10, 2587
BH_M10, 2606
BH_M10, 2617
BH_M10, 2629
BH_M10, 2633
BH_M10, 2638
BH_M10, 2653
BH_M10, 2668
BH_M10, 2669
BH_M10, 2686
BH_M10, 2694
BH_M10, 2695
BH_M10, 2703
BH_M10, 2709
BH_M10, 2727
BH_M10, 2729
BH_M10, 2734
BH_M10, 2740
BH_M10, 2749
BH_M10, 2760
BH_M10, 2769
BH_M10, 2781
BH_M10, 2783
BH_M10, 2792
BH_M10, 2799
BH_M10, 2806
BH_M10, 2808
BH_M10, 2821
BH_M10, 2841
BH_M10, 2846
BH_M10, 2848
BH_M10, 2866
BH_M10, 2868
BH_M10, 2869
BH_M10, 2884
BH_M10, 2894
BH_M10, 2917
BH_M10, 2922
BH_M10, 2949
BH_M10, 2956
BH_M10, 2960
BH_M10, 2962
BH_M10, 2974
BH_M10, 2998
BH_M10, 3011
BH_M10, 3024
BH_M10, 3042
BH_M10, 3048
BH_M10, 3050
BH_M10, 3052
BH_M10, 3055
BH_M10, 3064
BH_M10, 3067
BH_M10, 3091
BH_M10, 3095
BH_M10, 3096
BH_M10, 3101
BH_M10, 3106
BH_M10, 3113
BH_M10, 3137
BH_M10, 3147
BH_M10, 3149
BH_M10, 3168
BH_M10, 3170
BH_M10, 3181
BH_M10, 3193
BH_M10, 3198
BH_M10, 3214
BH_M10, 3254
BH_M10, 3258
BH_M10, 3270
BH_M10, 3271
BH_M10, 3280
BH_M10, 3292
BH_M10, 3295
BH_M10, 3333
BH_M10, 3337
BH_M10, 3361
BH_M10, 3363
BH_M10, 3372
BH_M10, 3389
BH_M10, 3407
BH_M10, 3411
BH_M10, 3417
BH_M10, 3418
BH_M10, 3426
BH_M10, 3429
BH_M10, 3430
BH_M10, 3433
BH_M10, 3439
BH_M10, 3441
BH_M10, 3457
BH_M10, 3488
BH_M10, 3492
BH_M10, 3499
BH_M10, 3502
BH_M10, 3513
BH_M10, 3524
BH_M10, 3534
BH_M10, 3539
BH_M10, 3541
BH_M10, 3556
BH_M10, 3566
BH_M10, 3572
BH_M10, 3597
BH_M10, 3605
BH_M10, 3624
BH_M10, 3635
BH_M10, 3639
BH_M10, 3643
BH_M10, 3698
BH_M10, 3699
BH_M10, 3706
BH_M10, 3710
BH_M10, 3721
BH_M10, 3726
BH_M10, 3735
BH_M10, 3746
BH_M10, 3749
BH_M10, 3758
BH_M10, 3765
BH_M10, 3779
BH_M10, 3790
BH_M10, 3802
BH_M10, 3803
BH_M10, 3805
BH_M10, 3807
BH_M10, 3820
BH_M10, 3849
BH_M10, 3854
BH_M10, 3859
BH_M10, 3861
BH_M10, 3880
BH_M10, 3888
BH_M10, 3897
BH_M10, 3903
BH_M10, 3916
BH_M10, 3935
BH_M10, 3937
BH_M10, 3938
BH_M10, 3941
BH_M10, 3943
BH_M10, 3959
BH_M10, 3985
BH_M10, 3997
BH_M10, 4022
BH_M10, 4026
BH_M10, 4037
BH_M10, 4044
BH_M10, 4046
BH_M10, 4047
BH_M10, 4058
BH_M10, 4068
BH_M10, 4073
BH_M10, 4093
BH_M10, 4100
BH_M10, 4109
BH_M10, 4130
BH_M10, 4131
BH_M10, 4141
BH_M10, 4143
BH_M10, 4167
BH_M10, 4180
BH_M10, 4194
BH_M10, 4196
BH_M10, 4201
BH_M10, 4227
BH_M10, 4232
BH_M10, 4235
BH_M10, 4255
BH_M10, 4258
BH_M10, 4271
BH_M10, 4275
BH_M10, 4285
BH_M10, 4304
BH_M10, 4315
BH_M10, 4331
BH_M10, 4345
BH_M10, 4348
BH_M10, 4365
BH_M10, 4371
BH_M10, 4374
BH_M10, 4384
BH_M10, 4385
BH_M10, 4390
BH_M10, 4397
BH_M10, 4408
BH_M10, 4415
BH_M10, 4416
BH_M10, 4428
BH_M10, 4441
BH_M10, 4448
BH_M10, 4500
BH_M10, 4503
BH_M10, 4524
BH_M10, 4530
BH_M10, 4554
BH_M10, 4555
BH_M10, 4559
BH_M10, 4574
BH_M10, 4585
BH_M10, 4594
BH_M10, 4598
BH_M10, 4605
BH_M10, 4609
BH_M10, 4611
BH_M10, 4614
BH_M10, 4628
BH_M10, 4640
BH_M10, 4644
BH_M10, 4653
BH_M10, 4658
BH_M10, 4663
BH_M10, 4668
BH_M10, 4690
BH_M10, 4695
BH_M10, 4702
BH_M10, 4732
BH_M10, 4754
BH_M10, 4756
BH_M10, 4758
BH_M10, 4759
