Wrongly predicted events from datasets: ['/disk/atlas3/data_MC/delphes//PP13-Sphaleron-THR9-FRZ15-NB0-NSUBPALL_20000events.root', '/disk/atlas3/data_MC/delphes//BH_n4_M10_15000events.root'] by model XGBoost(binary-classification, high-levelSPH_9, 41
SPH_9, 274
SPH_9, 340
SPH_9, 512
SPH_9, 550
SPH_9, 664
SPH_9, 760
SPH_9, 763
SPH_9, 789
SPH_9, 844
SPH_9, 923
SPH_9, 933
SPH_9, 978
SPH_9, 1039
SPH_9, 1072
SPH_9, 1103
SPH_9, 1173
SPH_9, 1477
SPH_9, 1596
SPH_9, 1784
SPH_9, 1791
SPH_9, 1832
SPH_9, 1927
SPH_9, 1974
SPH_9, 2141
SPH_9, 2187
SPH_9, 2270
SPH_9, 2390
SPH_9, 2407
SPH_9, 2502
SPH_9, 2525
SPH_9, 2530
SPH_9, 2726
SPH_9, 2812
SPH_9, 3084
SPH_9, 3230
SPH_9, 3255
SPH_9, 3309
SPH_9, 3336
SPH_9, 3373
SPH_9, 3555
SPH_9, 3727
SPH_9, 3751
SPH_9, 3760
SPH_9, 3840
SPH_9, 3928
SPH_9, 3940
SPH_9, 3949
SPH_9, 4012
SPH_9, 4083
SPH_9, 4104
SPH_9, 4282
SPH_9, 4426
SPH_9, 4512
SPH_9, 4828
SPH_9, 4899
SPH_9, 4908
SPH_9, 5045
SPH_9, 5061
SPH_9, 5070
SPH_9, 5154
SPH_9, 5213
SPH_9, 5232
SPH_9, 5241
SPH_9, 5317
SPH_9, 5418
SPH_9, 5451
SPH_9, 5656
SPH_9, 5857
SPH_9, 6058
SPH_9, 6084
SPH_9, 6265
SPH_9, 6286
SPH_9, 6304
SPH_9, 6494
SPH_9, 6536
SPH_9, 6597
SPH_9, 6643
SPH_9, 6775
SPH_9, 6786
SPH_9, 6873
SPH_9, 6898
SPH_9, 7014
SPH_9, 7270
SPH_9, 7407
SPH_9, 7438
SPH_9, 7506
SPH_9, 7558
SPH_9, 7562
SPH_9, 7598
SPH_9, 7854
SPH_9, 7978
SPH_9, 8042
SPH_9, 8141
SPH_9, 8237
SPH_9, 8245
SPH_9, 8250
SPH_9, 8308
SPH_9, 8377
SPH_9, 8450
SPH_9, 8766
SPH_9, 8791
SPH_9, 8940
SPH_9, 9022
SPH_9, 9127
SPH_9, 9233
SPH_9, 9250
SPH_9, 9327
SPH_9, 9500
SPH_9, 9530
SPH_9, 9631
SPH_9, 9638
SPH_9, 9726
SPH_9, 9996
SPH_9, 10020
SPH_9, 10071
SPH_9, 10085
SPH_9, 10157
SPH_9, 10275
SPH_9, 10306
SPH_9, 10328
SPH_9, 10344
SPH_9, 10368
SPH_9, 10404
SPH_9, 10412
SPH_9, 10462
SPH_9, 10538
SPH_9, 10653
SPH_9, 10754
SPH_9, 10830
SPH_9, 10977
SPH_9, 11036
SPH_9, 11064
SPH_9, 11331
SPH_9, 11623
SPH_9, 11626
SPH_9, 11742
SPH_9, 11940
SPH_9, 11992
SPH_9, 12038
SPH_9, 12199
SPH_9, 12413
SPH_9, 12452
SPH_9, 12541
SPH_9, 12546
SPH_9, 12640
SPH_9, 12808
SPH_9, 13000
SPH_9, 13009
SPH_9, 13167
SPH_9, 13227
SPH_9, 13251
SPH_9, 13277
SPH_9, 13403
SPH_9, 13464
SPH_9, 13479
SPH_9, 13581
SPH_9, 13582
SPH_9, 13660
SPH_9, 13734
SPH_9, 13792
SPH_9, 13974
SPH_9, 14113
SPH_9, 14279
SPH_9, 14403
SPH_9, 14508
SPH_9, 14694
SPH_9, 14903
SPH_9, 14944
SPH_9, 14978
SPH_9, 15093
SPH_9, 15141
SPH_9, 15146
SPH_9, 15287
SPH_9, 15526
SPH_9, 15529
SPH_9, 15681
SPH_9, 15741
SPH_9, 15824
SPH_9, 15874
SPH_9, 41
SPH_9, 274
SPH_9, 340
SPH_9, 512
SPH_9, 550
SPH_9, 664
SPH_9, 760
SPH_9, 763
SPH_9, 789
SPH_9, 844
SPH_9, 923
SPH_9, 933
SPH_9, 978
SPH_9, 1039
SPH_9, 1072
SPH_9, 1103
SPH_9, 1173
SPH_9, 1477
SPH_9, 1596
SPH_9, 1784
SPH_9, 1791
SPH_9, 1832
SPH_9, 1927
SPH_9, 1974
SPH_9, 2141
SPH_9, 2187
SPH_9, 2270
SPH_9, 2390
SPH_9, 2407
SPH_9, 2502
SPH_9, 2525
SPH_9, 2530
SPH_9, 2726
SPH_9, 2812
SPH_9, 3084
SPH_9, 3230
SPH_9, 3255
SPH_9, 3309
SPH_9, 3336
SPH_9, 3373
SPH_9, 3555
SPH_9, 3727
SPH_9, 3751
SPH_9, 3760
SPH_9, 3840
SPH_9, 3928
SPH_9, 3940
SPH_9, 3949
SPH_9, 4012
SPH_9, 4083
SPH_9, 4104
SPH_9, 4282
SPH_9, 4426
SPH_9, 4512
SPH_9, 4828
SPH_9, 4899
SPH_9, 4908
SPH_9, 5045
SPH_9, 5061
SPH_9, 5070
SPH_9, 5154
SPH_9, 5213
SPH_9, 5232
SPH_9, 5241
SPH_9, 5317
SPH_9, 5418
SPH_9, 5451
SPH_9, 5656
SPH_9, 5857
SPH_9, 6058
SPH_9, 6084
SPH_9, 6265
SPH_9, 6286
SPH_9, 6304
SPH_9, 6494
SPH_9, 6536
SPH_9, 6597
SPH_9, 6643
SPH_9, 6775
SPH_9, 6786
SPH_9, 6873
SPH_9, 6898
SPH_9, 7014
SPH_9, 7270
SPH_9, 7407
SPH_9, 7438
SPH_9, 7506
SPH_9, 7558
SPH_9, 7562
SPH_9, 7598
SPH_9, 7854
SPH_9, 7978
SPH_9, 8042
SPH_9, 8141
SPH_9, 8237
SPH_9, 8245
SPH_9, 8250
SPH_9, 8308
SPH_9, 8377
SPH_9, 8450
SPH_9, 8766
SPH_9, 8791
SPH_9, 8940
SPH_9, 9022
SPH_9, 9127
SPH_9, 9233
SPH_9, 9250
SPH_9, 9327
SPH_9, 9500
SPH_9, 9530
SPH_9, 9631
SPH_9, 9638
SPH_9, 9726
SPH_9, 9996
SPH_9, 10020
SPH_9, 10071
SPH_9, 10085
SPH_9, 10157
SPH_9, 10275
SPH_9, 10306
SPH_9, 10328
SPH_9, 10344
SPH_9, 10368
SPH_9, 10404
SPH_9, 10412
SPH_9, 10462
SPH_9, 10538
SPH_9, 10653
SPH_9, 10754
SPH_9, 10830
SPH_9, 10977
SPH_9, 11036
SPH_9, 11064
SPH_9, 11331
SPH_9, 11623
SPH_9, 11626
SPH_9, 11742
SPH_9, 11940
SPH_9, 11992
SPH_9, 12038
SPH_9, 12199
SPH_9, 12413
SPH_9, 12452
SPH_9, 12541
SPH_9, 12546
SPH_9, 12640
SPH_9, 12808
SPH_9, 13000
SPH_9, 13009
SPH_9, 13167
SPH_9, 13227
SPH_9, 13251
SPH_9, 13277
SPH_9, 13403
SPH_9, 13464
SPH_9, 13479
SPH_9, 13581
SPH_9, 13582
SPH_9, 13660
SPH_9, 13734
SPH_9, 13792
SPH_9, 13974
SPH_9, 14113
SPH_9, 14279
SPH_9, 14403
SPH_9, 14508
SPH_9, 14694
SPH_9, 14903
SPH_9, 14944
SPH_9, 14978
SPH_9, 15093
SPH_9, 15141
SPH_9, 15146
SPH_9, 15287
SPH_9, 15526
SPH_9, 15529
SPH_9, 15681
SPH_9, 15741
SPH_9, 15824
SPH_9, 15874
BH_M10, 7
BH_M10, 24
BH_M10, 32
BH_M10, 36
BH_M10, 39
BH_M10, 42
BH_M10, 52
BH_M10, 59
BH_M10, 77
BH_M10, 110
BH_M10, 111
BH_M10, 122
BH_M10, 169
BH_M10, 174
BH_M10, 187
BH_M10, 189
BH_M10, 198
BH_M10, 211
BH_M10, 212
BH_M10, 216
BH_M10, 224
BH_M10, 245
BH_M10, 249
BH_M10, 261
BH_M10, 301
BH_M10, 308
BH_M10, 374
BH_M10, 405
BH_M10, 418
BH_M10, 423
BH_M10, 436
BH_M10, 467
BH_M10, 498
BH_M10, 504
BH_M10, 516
BH_M10, 530
BH_M10, 534
BH_M10, 553
BH_M10, 560
BH_M10, 565
BH_M10, 591
BH_M10, 603
BH_M10, 618
BH_M10, 629
BH_M10, 676
BH_M10, 718
BH_M10, 748
BH_M10, 770
BH_M10, 772
BH_M10, 784
BH_M10, 788
BH_M10, 803
BH_M10, 815
BH_M10, 816
BH_M10, 818
BH_M10, 846
BH_M10, 876
BH_M10, 931
BH_M10, 979
BH_M10, 1000
BH_M10, 1010
BH_M10, 1040
BH_M10, 1048
BH_M10, 1062
BH_M10, 1075
BH_M10, 1117
BH_M10, 1118
BH_M10, 1191
BH_M10, 1237
BH_M10, 1240
BH_M10, 1248
BH_M10, 1272
BH_M10, 1292
BH_M10, 1299
BH_M10, 1307
BH_M10, 1340
BH_M10, 1344
BH_M10, 1406
BH_M10, 1413
BH_M10, 1436
BH_M10, 1437
BH_M10, 1458
BH_M10, 1471
BH_M10, 1482
BH_M10, 1524
BH_M10, 1543
BH_M10, 1545
BH_M10, 1546
BH_M10, 1550
BH_M10, 1568
BH_M10, 1570
BH_M10, 1585
BH_M10, 1586
BH_M10, 1591
BH_M10, 1593
BH_M10, 1599
BH_M10, 1630
BH_M10, 1681
BH_M10, 1687
BH_M10, 1705
BH_M10, 1776
BH_M10, 1777
BH_M10, 1781
BH_M10, 1815
BH_M10, 1850
BH_M10, 1873
BH_M10, 1882
BH_M10, 1901
BH_M10, 1911
BH_M10, 1926
BH_M10, 1932
BH_M10, 1939
BH_M10, 1943
BH_M10, 1944
BH_M10, 1965
BH_M10, 1974
BH_M10, 1983
BH_M10, 2027
BH_M10, 2028
BH_M10, 2039
BH_M10, 2097
BH_M10, 2112
BH_M10, 2136
BH_M10, 2156
BH_M10, 2158
BH_M10, 2193
BH_M10, 2216
BH_M10, 2225
BH_M10, 2227
BH_M10, 2235
BH_M10, 2254
BH_M10, 2270
BH_M10, 2277
BH_M10, 2297
BH_M10, 2305
BH_M10, 2361
BH_M10, 2388
BH_M10, 2412
BH_M10, 2413
BH_M10, 2428
BH_M10, 2429
BH_M10, 2481
BH_M10, 2484
BH_M10, 2487
BH_M10, 2542
BH_M10, 2550
BH_M10, 2609
BH_M10, 2668
BH_M10, 2675
BH_M10, 2703
BH_M10, 2727
BH_M10, 2734
BH_M10, 2757
BH_M10, 2761
BH_M10, 2768
BH_M10, 2781
BH_M10, 2799
BH_M10, 2808
BH_M10, 2821
BH_M10, 2825
BH_M10, 2830
BH_M10, 2837
BH_M10, 2846
BH_M10, 2859
BH_M10, 2862
BH_M10, 2894
BH_M10, 2913
BH_M10, 2949
BH_M10, 2952
BH_M10, 2953
BH_M10, 2962
BH_M10, 3048
BH_M10, 3063
BH_M10, 3064
BH_M10, 3067
BH_M10, 3096
BH_M10, 3101
BH_M10, 3113
BH_M10, 3129
BH_M10, 3130
BH_M10, 3147
BH_M10, 3149
BH_M10, 3150
BH_M10, 3168
BH_M10, 3173
BH_M10, 3175
BH_M10, 3193
BH_M10, 3202
BH_M10, 3214
BH_M10, 3239
BH_M10, 3258
BH_M10, 3270
BH_M10, 3292
BH_M10, 3305
BH_M10, 3333
BH_M10, 3343
BH_M10, 3361
BH_M10, 3363
BH_M10, 3372
BH_M10, 3376
BH_M10, 3389
BH_M10, 3413
BH_M10, 3426
BH_M10, 3430
BH_M10, 3440
BH_M10, 3447
BH_M10, 3453
BH_M10, 3463
BH_M10, 3492
BH_M10, 3502
BH_M10, 3516
BH_M10, 3524
BH_M10, 3541
BH_M10, 3582
BH_M10, 3602
BH_M10, 3610
BH_M10, 3615
BH_M10, 3618
BH_M10, 3624
BH_M10, 3649
BH_M10, 3699
BH_M10, 3723
BH_M10, 3751
BH_M10, 3765
BH_M10, 3777
BH_M10, 3784
BH_M10, 3790
BH_M10, 3803
BH_M10, 3820
BH_M10, 3854
BH_M10, 3880
BH_M10, 3888
BH_M10, 3897
BH_M10, 3902
BH_M10, 3916
BH_M10, 3921
BH_M10, 3941
BH_M10, 3943
BH_M10, 3988
BH_M10, 3993
BH_M10, 3997
BH_M10, 4023
BH_M10, 4033
BH_M10, 4037
BH_M10, 4053
BH_M10, 4058
BH_M10, 4083
BH_M10, 4086
BH_M10, 4093
BH_M10, 4096
BH_M10, 4100
BH_M10, 4114
BH_M10, 4131
BH_M10, 4161
BH_M10, 4201
BH_M10, 4212
BH_M10, 4232
BH_M10, 4235
BH_M10, 4251
BH_M10, 4285
BH_M10, 4296
BH_M10, 4322
BH_M10, 4331
BH_M10, 4348
BH_M10, 4365
BH_M10, 4371
BH_M10, 4382
BH_M10, 4397
BH_M10, 4406
BH_M10, 4408
BH_M10, 4417
BH_M10, 4441
BH_M10, 4449
BH_M10, 4469
BH_M10, 4494
BH_M10, 4503
BH_M10, 4511
BH_M10, 4524
BH_M10, 4554
BH_M10, 4561
BH_M10, 4572
BH_M10, 4574
BH_M10, 4581
BH_M10, 4594
BH_M10, 4610
BH_M10, 4640
BH_M10, 4658
BH_M10, 4663
BH_M10, 4665
BH_M10, 4689
BH_M10, 4731
BH_M10, 4741
BH_M10, 4742
BH_M10, 4756
BH_M10, 4758
BH_M10, 7
BH_M10, 24
BH_M10, 32
BH_M10, 36
BH_M10, 39
BH_M10, 42
BH_M10, 52
BH_M10, 59
BH_M10, 77
BH_M10, 110
BH_M10, 111
BH_M10, 122
BH_M10, 169
BH_M10, 174
BH_M10, 187
BH_M10, 189
BH_M10, 198
BH_M10, 211
BH_M10, 212
BH_M10, 216
BH_M10, 224
BH_M10, 245
BH_M10, 249
BH_M10, 261
BH_M10, 301
BH_M10, 308
BH_M10, 374
BH_M10, 405
BH_M10, 418
BH_M10, 423
BH_M10, 436
BH_M10, 467
BH_M10, 498
BH_M10, 504
BH_M10, 516
BH_M10, 530
BH_M10, 534
BH_M10, 553
BH_M10, 560
BH_M10, 565
BH_M10, 591
BH_M10, 603
BH_M10, 618
BH_M10, 629
BH_M10, 676
BH_M10, 718
BH_M10, 748
BH_M10, 770
BH_M10, 772
BH_M10, 784
BH_M10, 788
BH_M10, 803
BH_M10, 815
BH_M10, 816
BH_M10, 818
BH_M10, 846
BH_M10, 876
BH_M10, 931
BH_M10, 979
BH_M10, 1000
BH_M10, 1010
BH_M10, 1040
BH_M10, 1048
BH_M10, 1062
BH_M10, 1075
BH_M10, 1117
BH_M10, 1118
BH_M10, 1191
BH_M10, 1237
BH_M10, 1240
BH_M10, 1248
BH_M10, 1272
BH_M10, 1292
BH_M10, 1299
BH_M10, 1307
BH_M10, 1340
BH_M10, 1344
BH_M10, 1406
BH_M10, 1413
BH_M10, 1436
BH_M10, 1437
BH_M10, 1458
BH_M10, 1471
BH_M10, 1482
BH_M10, 1524
BH_M10, 1543
BH_M10, 1545
BH_M10, 1546
BH_M10, 1550
BH_M10, 1568
BH_M10, 1570
BH_M10, 1585
BH_M10, 1586
BH_M10, 1591
BH_M10, 1593
BH_M10, 1599
BH_M10, 1630
BH_M10, 1681
BH_M10, 1687
BH_M10, 1705
BH_M10, 1776
BH_M10, 1777
BH_M10, 1781
BH_M10, 1815
BH_M10, 1850
BH_M10, 1873
BH_M10, 1882
BH_M10, 1901
BH_M10, 1911
BH_M10, 1926
BH_M10, 1932
BH_M10, 1939
BH_M10, 1943
BH_M10, 1944
BH_M10, 1965
BH_M10, 1974
BH_M10, 1983
BH_M10, 2027
BH_M10, 2028
BH_M10, 2039
BH_M10, 2097
BH_M10, 2112
BH_M10, 2136
BH_M10, 2156
BH_M10, 2158
BH_M10, 2193
BH_M10, 2216
BH_M10, 2225
BH_M10, 2227
BH_M10, 2235
BH_M10, 2254
BH_M10, 2270
BH_M10, 2277
BH_M10, 2297
BH_M10, 2305
BH_M10, 2361
BH_M10, 2388
BH_M10, 2412
BH_M10, 2413
BH_M10, 2428
BH_M10, 2429
BH_M10, 2481
BH_M10, 2484
BH_M10, 2487
BH_M10, 2542
BH_M10, 2550
BH_M10, 2609
BH_M10, 2668
BH_M10, 2675
BH_M10, 2703
BH_M10, 2727
BH_M10, 2734
BH_M10, 2757
BH_M10, 2761
BH_M10, 2768
BH_M10, 2781
BH_M10, 2799
BH_M10, 2808
BH_M10, 2821
BH_M10, 2825
BH_M10, 2830
BH_M10, 2837
BH_M10, 2846
BH_M10, 2859
BH_M10, 2862
BH_M10, 2894
BH_M10, 2913
BH_M10, 2949
BH_M10, 2952
BH_M10, 2953
BH_M10, 2962
BH_M10, 3048
BH_M10, 3063
BH_M10, 3064
BH_M10, 3067
BH_M10, 3096
BH_M10, 3101
BH_M10, 3113
BH_M10, 3129
BH_M10, 3130
BH_M10, 3147
BH_M10, 3149
BH_M10, 3150
BH_M10, 3168
BH_M10, 3173
BH_M10, 3175
BH_M10, 3193
BH_M10, 3202
BH_M10, 3214
BH_M10, 3239
BH_M10, 3258
BH_M10, 3270
BH_M10, 3292
BH_M10, 3305
BH_M10, 3333
BH_M10, 3343
BH_M10, 3361
BH_M10, 3363
BH_M10, 3372
BH_M10, 3376
BH_M10, 3389
BH_M10, 3413
BH_M10, 3426
BH_M10, 3430
BH_M10, 3440
BH_M10, 3447
BH_M10, 3453
BH_M10, 3463
BH_M10, 3492
BH_M10, 3502
BH_M10, 3516
BH_M10, 3524
BH_M10, 3541
BH_M10, 3582
BH_M10, 3602
BH_M10, 3610
BH_M10, 3615
BH_M10, 3618
BH_M10, 3624
BH_M10, 3649
BH_M10, 3699
BH_M10, 3723
BH_M10, 3751
BH_M10, 3765
BH_M10, 3777
BH_M10, 3784
BH_M10, 3790
BH_M10, 3803
BH_M10, 3820
BH_M10, 3854
BH_M10, 3880
BH_M10, 3888
BH_M10, 3897
BH_M10, 3902
BH_M10, 3916
BH_M10, 3921
BH_M10, 3941
BH_M10, 3943
BH_M10, 3988
BH_M10, 3993
BH_M10, 3997
BH_M10, 4023
BH_M10, 4033
BH_M10, 4037
BH_M10, 4053
BH_M10, 4058
BH_M10, 4083
BH_M10, 4086
BH_M10, 4093
BH_M10, 4096
BH_M10, 4100
BH_M10, 4114
BH_M10, 4131
BH_M10, 4161
BH_M10, 4201
BH_M10, 4212
BH_M10, 4232
BH_M10, 4235
BH_M10, 4251
BH_M10, 4285
BH_M10, 4296
BH_M10, 4322
BH_M10, 4331
BH_M10, 4348
BH_M10, 4365
BH_M10, 4371
BH_M10, 4382
BH_M10, 4397
BH_M10, 4406
BH_M10, 4408
BH_M10, 4417
BH_M10, 4441
BH_M10, 4449
BH_M10, 4469
BH_M10, 4494
BH_M10, 4503
BH_M10, 4511
BH_M10, 4524
BH_M10, 4554
BH_M10, 4561
BH_M10, 4572
BH_M10, 4574
BH_M10, 4581
BH_M10, 4594
BH_M10, 4610
BH_M10, 4640
BH_M10, 4658
BH_M10, 4663
BH_M10, 4665
BH_M10, 4689
BH_M10, 4731
BH_M10, 4741
BH_M10, 4742
BH_M10, 4756
BH_M10, 4758
