Wrongly predicted events from datasets: ['/disk/atlas3/data_MC/delphes//PP13-Sphaleron-THR9-FRZ15-NB0-NSUBPALL_3000events.root', '/disk/atlas3/data_MC/delphes//BH_n4_M10_3000events.root'] by model XGBoost(binary-classification, high-levelSPH_9TeV, 13
SPH_9TeV, 41
SPH_9TeV, 52
SPH_9TeV, 53
SPH_9TeV, 59
SPH_9TeV, 65
SPH_9TeV, 80
SPH_9TeV, 129
SPH_9TeV, 197
SPH_9TeV, 274
SPH_9TeV, 279
SPH_9TeV, 288
SPH_9TeV, 301
SPH_9TeV, 308
SPH_9TeV, 340
SPH_9TeV, 344
SPH_9TeV, 365
SPH_9TeV, 366
SPH_9TeV, 377
SPH_9TeV, 378
SPH_9TeV, 397
SPH_9TeV, 406
SPH_9TeV, 408
SPH_9TeV, 416
SPH_9TeV, 420
SPH_9TeV, 424
SPH_9TeV, 442
SPH_9TeV, 445
SPH_9TeV, 446
SPH_9TeV, 471
SPH_9TeV, 512
SPH_9TeV, 516
SPH_9TeV, 550
SPH_9TeV, 565
SPH_9TeV, 571
SPH_9TeV, 612
SPH_9TeV, 639
SPH_9TeV, 662
SPH_9TeV, 664
SPH_9TeV, 674
SPH_9TeV, 677
SPH_9TeV, 687
SPH_9TeV, 691
SPH_9TeV, 733
SPH_9TeV, 738
SPH_9TeV, 747
SPH_9TeV, 760
SPH_9TeV, 763
SPH_9TeV, 779
SPH_9TeV, 789
SPH_9TeV, 794
SPH_9TeV, 799
SPH_9TeV, 812
SPH_9TeV, 822
SPH_9TeV, 828
SPH_9TeV, 837
SPH_9TeV, 844
SPH_9TeV, 845
SPH_9TeV, 888
SPH_9TeV, 926
SPH_9TeV, 933
SPH_9TeV, 957
SPH_9TeV, 964
SPH_9TeV, 976
SPH_9TeV, 978
SPH_9TeV, 979
SPH_9TeV, 991
SPH_9TeV, 993
SPH_9TeV, 1005
SPH_9TeV, 1008
SPH_9TeV, 1022
SPH_9TeV, 1039
SPH_9TeV, 1040
SPH_9TeV, 1072
SPH_9TeV, 1091
SPH_9TeV, 1098
SPH_9TeV, 1103
SPH_9TeV, 1133
SPH_9TeV, 1152
SPH_9TeV, 1173
SPH_9TeV, 1180
SPH_9TeV, 1186
SPH_9TeV, 1202
SPH_9TeV, 1255
SPH_9TeV, 1274
SPH_9TeV, 1285
SPH_9TeV, 1288
SPH_9TeV, 1340
SPH_9TeV, 1350
SPH_9TeV, 1398
SPH_9TeV, 1431
SPH_9TeV, 1458
SPH_9TeV, 1464
SPH_9TeV, 1466
SPH_9TeV, 1478
SPH_9TeV, 1497
SPH_9TeV, 1504
SPH_9TeV, 1530
SPH_9TeV, 1547
SPH_9TeV, 1550
SPH_9TeV, 1554
SPH_9TeV, 1570
SPH_9TeV, 1577
SPH_9TeV, 1595
SPH_9TeV, 1596
SPH_9TeV, 1621
SPH_9TeV, 1622
SPH_9TeV, 1628
SPH_9TeV, 1629
SPH_9TeV, 1679
SPH_9TeV, 1690
SPH_9TeV, 1701
SPH_9TeV, 1706
SPH_9TeV, 1738
SPH_9TeV, 1755
SPH_9TeV, 1758
SPH_9TeV, 1779
SPH_9TeV, 1791
SPH_9TeV, 1793
SPH_9TeV, 1796
SPH_9TeV, 1802
SPH_9TeV, 1814
SPH_9TeV, 1823
SPH_9TeV, 1828
SPH_9TeV, 1836
SPH_9TeV, 1843
SPH_9TeV, 1849
SPH_9TeV, 1853
SPH_9TeV, 1854
SPH_9TeV, 1862
SPH_9TeV, 1873
SPH_9TeV, 1875
SPH_9TeV, 1878
SPH_9TeV, 1879
SPH_9TeV, 1883
SPH_9TeV, 1893
SPH_9TeV, 1900
SPH_9TeV, 1903
SPH_9TeV, 1936
SPH_9TeV, 1942
SPH_9TeV, 1943
SPH_9TeV, 1944
SPH_9TeV, 1946
SPH_9TeV, 1977
SPH_9TeV, 1982
SPH_9TeV, 2007
SPH_9TeV, 2015
SPH_9TeV, 2036
SPH_9TeV, 2084
SPH_9TeV, 2095
SPH_9TeV, 2133
SPH_9TeV, 2141
SPH_9TeV, 2142
SPH_9TeV, 2196
SPH_9TeV, 2207
SPH_9TeV, 2238
SPH_9TeV, 2245
SPH_9TeV, 2247
SPH_9TeV, 2250
SPH_9TeV, 2256
SPH_9TeV, 2269
SPH_9TeV, 2270
SPH_9TeV, 2273
SPH_9TeV, 2278
SPH_9TeV, 2282
SPH_9TeV, 2289
SPH_9TeV, 2333
SPH_9TeV, 2354
SPH_9TeV, 2390
SPH_9TeV, 2392
SPH_9TeV, 2395
SPH_9TeV, 2407
SPH_9TeV, 2417
SPH_9TeV, 2426
SPH_9TeV, 2437
SPH_9TeV, 2456
SPH_9TeV, 2464
SPH_9TeV, 2467
SPH_9TeV, 2480
SPH_9TeV, 2490
SPH_9TeV, 2502
SPH_9TeV, 2509
SPH_9TeV, 2513
SPH_9TeV, 2525
SPH_9TeV, 2530
SPH_9TeV, 2542
SPH_9TeV, 2551
SPH_9TeV, 2558
SPH_9TeV, 2564
SPH_9TeV, 2565
SPH_9TeV, 2590
SPH_9TeV, 2609
SPH_9TeV, 2709
SPH_9TeV, 2711
SPH_9TeV, 2714
SPH_9TeV, 2747
SPH_9TeV, 2755
SPH_9TeV, 2756
SPH_9TeV, 2773
SPH_9TeV, 2795
SPH_9TeV, 2801
SPH_9TeV, 2808
SPH_9TeV, 2809
SPH_9TeV, 2812
SPH_9TeV, 2816
SPH_9TeV, 2823
SPH_9TeV, 2826
SPH_9TeV, 2828
SPH_9TeV, 2852
SPH_9TeV, 2861
SPH_9TeV, 2887
SPH_9TeV, 2889
SPH_9TeV, 2898
SPH_9TeV, 2905
SPH_9TeV, 2916
SPH_9TeV, 2932
SPH_9TeV, 2933
SPH_9TeV, 2947
SPH_9TeV, 2990
SPH_9TeV, 2996
BH_n4_M10, 1
BH_n4_M10, 5
BH_n4_M10, 9
BH_n4_M10, 21
BH_n4_M10, 35
BH_n4_M10, 45
BH_n4_M10, 74
BH_n4_M10, 85
BH_n4_M10, 96
BH_n4_M10, 99
BH_n4_M10, 105
BH_n4_M10, 111
BH_n4_M10, 152
BH_n4_M10, 172
BH_n4_M10, 174
BH_n4_M10, 176
BH_n4_M10, 180
BH_n4_M10, 183
BH_n4_M10, 215
BH_n4_M10, 221
BH_n4_M10, 222
BH_n4_M10, 239
BH_n4_M10, 241
BH_n4_M10, 254
BH_n4_M10, 257
BH_n4_M10, 261
BH_n4_M10, 268
BH_n4_M10, 272
BH_n4_M10, 285
BH_n4_M10, 317
BH_n4_M10, 318
BH_n4_M10, 322
BH_n4_M10, 328
BH_n4_M10, 350
BH_n4_M10, 354
BH_n4_M10, 355
BH_n4_M10, 361
BH_n4_M10, 363
BH_n4_M10, 390
BH_n4_M10, 393
BH_n4_M10, 429
BH_n4_M10, 433
BH_n4_M10, 434
BH_n4_M10, 437
BH_n4_M10, 454
BH_n4_M10, 481
BH_n4_M10, 486
BH_n4_M10, 488
BH_n4_M10, 492
BH_n4_M10, 509
BH_n4_M10, 512
BH_n4_M10, 517
BH_n4_M10, 529
BH_n4_M10, 539
BH_n4_M10, 576
BH_n4_M10, 580
BH_n4_M10, 599
BH_n4_M10, 601
BH_n4_M10, 620
BH_n4_M10, 628
BH_n4_M10, 655
BH_n4_M10, 664
BH_n4_M10, 665
BH_n4_M10, 677
BH_n4_M10, 681
BH_n4_M10, 696
BH_n4_M10, 698
BH_n4_M10, 699
BH_n4_M10, 705
BH_n4_M10, 711
BH_n4_M10, 725
BH_n4_M10, 730
BH_n4_M10, 738
BH_n4_M10, 744
BH_n4_M10, 755
BH_n4_M10, 759
BH_n4_M10, 768
BH_n4_M10, 773
BH_n4_M10, 779
BH_n4_M10, 786
BH_n4_M10, 788
BH_n4_M10, 795
BH_n4_M10, 805
BH_n4_M10, 813
BH_n4_M10, 816
BH_n4_M10, 828
BH_n4_M10, 849
BH_n4_M10, 854
BH_n4_M10, 855
BH_n4_M10, 863
BH_n4_M10, 880
BH_n4_M10, 885
BH_n4_M10, 886
BH_n4_M10, 909
BH_n4_M10, 913
BH_n4_M10, 914
BH_n4_M10, 919
BH_n4_M10, 924
BH_n4_M10, 932
BH_n4_M10, 943
BH_n4_M10, 988
BH_n4_M10, 1013
BH_n4_M10, 1016
BH_n4_M10, 1019
BH_n4_M10, 1039
BH_n4_M10, 1044
BH_n4_M10, 1057
BH_n4_M10, 1065
BH_n4_M10, 1072
BH_n4_M10, 1095
BH_n4_M10, 1096
BH_n4_M10, 1099
BH_n4_M10, 1101
BH_n4_M10, 1113
BH_n4_M10, 1114
BH_n4_M10, 1122
BH_n4_M10, 1149
BH_n4_M10, 1156
BH_n4_M10, 1164
BH_n4_M10, 1170
BH_n4_M10, 1171
BH_n4_M10, 1172
BH_n4_M10, 1175
BH_n4_M10, 1196
BH_n4_M10, 1197
BH_n4_M10, 1200
BH_n4_M10, 1225
BH_n4_M10, 1229
BH_n4_M10, 1236
BH_n4_M10, 1249
BH_n4_M10, 1259
BH_n4_M10, 1293
BH_n4_M10, 1299
BH_n4_M10, 1304
BH_n4_M10, 1312
BH_n4_M10, 1316
BH_n4_M10, 1321
BH_n4_M10, 1329
BH_n4_M10, 1332
BH_n4_M10, 1334
BH_n4_M10, 1351
BH_n4_M10, 1362
BH_n4_M10, 1370
BH_n4_M10, 1381
BH_n4_M10, 1412
BH_n4_M10, 1424
BH_n4_M10, 1426
BH_n4_M10, 1432
BH_n4_M10, 1447
BH_n4_M10, 1448
BH_n4_M10, 1462
BH_n4_M10, 1469
BH_n4_M10, 1484
BH_n4_M10, 1490
BH_n4_M10, 1494
BH_n4_M10, 1495
BH_n4_M10, 1500
BH_n4_M10, 1513
BH_n4_M10, 1515
BH_n4_M10, 1527
BH_n4_M10, 1554
BH_n4_M10, 1558
BH_n4_M10, 1584
BH_n4_M10, 1586
BH_n4_M10, 1592
BH_n4_M10, 1597
BH_n4_M10, 1615
BH_n4_M10, 1616
BH_n4_M10, 1618
BH_n4_M10, 1622
BH_n4_M10, 1642
BH_n4_M10, 1646
BH_n4_M10, 1692
BH_n4_M10, 1695
BH_n4_M10, 1711
BH_n4_M10, 1720
BH_n4_M10, 1735
BH_n4_M10, 1736
BH_n4_M10, 1740
BH_n4_M10, 1750
BH_n4_M10, 1788
BH_n4_M10, 1796
BH_n4_M10, 1804
BH_n4_M10, 1814
BH_n4_M10, 1819
BH_n4_M10, 1837
BH_n4_M10, 1838
BH_n4_M10, 1847
BH_n4_M10, 1852
BH_n4_M10, 1857
BH_n4_M10, 1862
BH_n4_M10, 1887
BH_n4_M10, 1892
BH_n4_M10, 1913
BH_n4_M10, 1935
BH_n4_M10, 1944
BH_n4_M10, 1947
BH_n4_M10, 1950
BH_n4_M10, 1951
BH_n4_M10, 1952
BH_n4_M10, 1962
BH_n4_M10, 1967
BH_n4_M10, 1970
BH_n4_M10, 1974
BH_n4_M10, 1978
BH_n4_M10, 1992
BH_n4_M10, 1999
BH_n4_M10, 2003
BH_n4_M10, 2009
BH_n4_M10, 2012
BH_n4_M10, 2018
BH_n4_M10, 2019
BH_n4_M10, 2040
BH_n4_M10, 2051
BH_n4_M10, 2052
BH_n4_M10, 2062
BH_n4_M10, 2067
BH_n4_M10, 2071
BH_n4_M10, 2081
BH_n4_M10, 2084
BH_n4_M10, 2095
BH_n4_M10, 2099
BH_n4_M10, 2122
BH_n4_M10, 2130
BH_n4_M10, 2136
BH_n4_M10, 2145
BH_n4_M10, 2148
BH_n4_M10, 2150
BH_n4_M10, 2157
BH_n4_M10, 2202
BH_n4_M10, 2209
BH_n4_M10, 2221
BH_n4_M10, 2224
BH_n4_M10, 2225
BH_n4_M10, 2240
BH_n4_M10, 2243
BH_n4_M10, 2248
BH_n4_M10, 2266
BH_n4_M10, 2271
BH_n4_M10, 2281
BH_n4_M10, 2282
BH_n4_M10, 2283
BH_n4_M10, 2285
BH_n4_M10, 2287
BH_n4_M10, 2297
BH_n4_M10, 2299
BH_n4_M10, 2308
BH_n4_M10, 2315
BH_n4_M10, 2317
BH_n4_M10, 2319
BH_n4_M10, 2321
BH_n4_M10, 2334
BH_n4_M10, 2341
BH_n4_M10, 2360
BH_n4_M10, 2363
BH_n4_M10, 2374
BH_n4_M10, 2393
BH_n4_M10, 2410
BH_n4_M10, 2426
BH_n4_M10, 2438
BH_n4_M10, 2441
BH_n4_M10, 2442
BH_n4_M10, 2452
BH_n4_M10, 2465
BH_n4_M10, 2468
BH_n4_M10, 2480
BH_n4_M10, 2493
BH_n4_M10, 2504
BH_n4_M10, 2507
BH_n4_M10, 2509
BH_n4_M10, 2510
BH_n4_M10, 2529
BH_n4_M10, 2553
BH_n4_M10, 2573
BH_n4_M10, 2578
BH_n4_M10, 2593
BH_n4_M10, 2599
BH_n4_M10, 2607
BH_n4_M10, 2618
BH_n4_M10, 2622
BH_n4_M10, 2651
BH_n4_M10, 2657
BH_n4_M10, 2661
BH_n4_M10, 2664
BH_n4_M10, 2672
BH_n4_M10, 2681
BH_n4_M10, 2686
BH_n4_M10, 2693
BH_n4_M10, 2708
BH_n4_M10, 2711
BH_n4_M10, 2737
BH_n4_M10, 2763
BH_n4_M10, 2766
BH_n4_M10, 2775
BH_n4_M10, 2779
BH_n4_M10, 2783
BH_n4_M10, 2786
BH_n4_M10, 2805
BH_n4_M10, 2808
BH_n4_M10, 2817
BH_n4_M10, 2839
BH_n4_M10, 2846
BH_n4_M10, 2863
BH_n4_M10, 2866
BH_n4_M10, 2869
BH_n4_M10, 2879
BH_n4_M10, 2882
BH_n4_M10, 2887
BH_n4_M10, 2889
BH_n4_M10, 2890
BH_n4_M10, 2900
BH_n4_M10, 2937
BH_n4_M10, 2949
BH_n4_M10, 2957
BH_n4_M10, 2969
BH_n4_M10, 2995
